MW00EGS1017136,1,9789624507904
MW00EGS1017136,2,9789624507904
MW00KG07600,1,9787540935634
MW00KG07600,2,9787540935634
MW00KG07606,1,9787540933890
MW00KG07606,2,9787540933890
MW00KG07606,3,9787540933890
MW00KG08362,1,9787542006233
MW00KG08362,2,9787542006240
MW00KG08362,3,9787542006257
MW00KG08362,4,9787542006264
MW00KG08362,5,9787542006271
MW00KG08362,6,9787542006288
MW16936,1,9787542006547
MW16936,2,9787542006851
MW16936,3,9787542006882
MW16936,4,9787542007087
MW16936,5,9787542006998
MW16936,6,9787542008404
MW19617,1,9787542105349
MW19617,2,9787542105349
MW19617,3,9787542105349
MW19617,4,9787542105349
MW19986,1,9787542106988
MW19986,2,9787542106988
MW1AC218,1,9787223032865
MW1AC218,2,9787223032865
MW1AC253,1,9787105128839
MW1AC253,2,9787105118380
MW1AC253,3,9787105118397
MW1AC253,4,9787105128846
MW1AC261,1,9787540949860
MW1AC261,2,9787540949860
MW1AC278,1,9787542020482
MW1AC278,2,9787542020505
MW1AC278,3,9787542020529
MW1AC293,1,9787549006090
MW1AC293,2,9787549006090
MW1AC293,3,9787549006090
MW1AC293,4,9787549006090
MW1AC305,1,9787223038256
MW1AC305,2,9787223038256
MW1AC305,3,9787223038256
MW1AC306,1,9787223038898
MW1AC306,2,9787223038898
MW1AC307,1,9787223039680
MW1AC307,2,9787223039680
MW1AC308,1,9787802536807
MW1AC308,2,9787802536807
MW1AC308,3,9787802536807
MW1AC308,4,9787802536807
MW1AC308,5,9787802536807
MW1AC330,1,9787542021021
MW1AC330,2,9787542021038
MW1AC330,3,9787542021045
MW1AC330,4,9787542021052
MW1AC330,5,9787542021069
MW1AC330,6,9787542021076
MW1AC330,7,9787542021083
MW1AC330,8,9787542021106
MW1AC330,9,9787542021113
MW1AC330,10,9787542021090
MW1AC330,11,9787542021120
MW1AC330,12,9787542021137
MW1AC330,13,9787542021144
MW1AC330,14,9787542021151
MW1AC330,15,9787542021168
MW1AC330,16,9787542021175
MW1AC330,17,9787542021182
MW1AC330,18,9787542021199
MW1AC330,19,9787542021205
MW1AC330,20,9787542021212
MW1AC343,1,9789888266173
MW1AC343,2,9789888266173
MW1AC343,3,9789888266173
MW1AC343,4,9789888266173
MW1AC343,5,9789888266173
MW1AC343,6,9789888266173
MW1AC343,7,9789888266173
MW1AC355,1,9787802532434
MW1AC355,2,9787802532434
MW1AC355,3,9787802532434
MW1AC355,4,9787802532434
MW1AC355,5,9787802532434
MW1AC355,6,9787802532434
MW1AC355,7,9787802532434
MW1AC359,1,9787540956721
MW1AC359,2,9787540956721
MW1AC359,3,9787540956721
MW1AC359,4,9787540956721
MW1AC359,5,9787540956721
MW1AC364,1,9787802535220
MW1AC364,2,9787802535220
MW1AC364,3,9787802535220
MW1AC364,4,9787802535220
MW1AC364,5,9787802535220
MW1AC364,6,9787802535220
MW1AC364,7,9787802535220
MW1AC364,8,9787802535220
MW1AC364,9,9787802535220
MW1AC364,10,9787802535220
MW1AC364,11,9787802535220
MW1AC364,12,9787802535220
MW1AC364,13,9787802535220
MW1AC364,14,9787802535220
MW1AC371,1,9787802536036
MW1AC371,2,9787802536036
MW1AC371,3,9787802536036
MW1AC371,4,9787802536036
MW1AC371,5,9787802536036
MW1AC371,6,9787802536036
MW1AC375,1,9787802534414
MW1AC375,2,9787802534414
MW1AC375,3,9787802534414
MW1AC375,4,9787802534414
MW1AC375,5,9787802534414
MW1AC375,6,9787802534414
MW1AC375,7,9787802534414
MW1AC375,8,9787802534414
MW1AC375,9,9787802534414
MW1AC375,10,9787802534414
MW1AC375,11,9787802534414
MW1AC375,12,9787802534414
MW1AC375,13,9787802534414
MW1AC375,14,9787802534414
MW1AC375,15,9787802534414
MW1AC375,16,9787802534414
MW1AC375,17,9787802534414
MW1AC375,18,9787802534414
MW1AC375,19,9787802534414
MW1AC382,1,9787805892658
MW1AC382,2,9787805892658
MW1AC392,1,9787805892054
MW1AC392,2,9787805892054
MW1AC405,1,9787540954482
MW1AC405,2,9787540954482
MW1AC405,3,9787540954482
MW1AC405,4,9787540954482
MW1AC405,5,9787540954482
MW1AC405,6,9787540954482
MW1AC405,7,9787540954482
MW1AC405,8,9787540954482
MW1AC405,9,9787540954482
MW1AC405,10,9787540954482
MW1AC405,11,9787540954482
MW1AC410,1,9787105128501
MW1AC410,2,9787105128501
MW1GS60779,1,9787540932282
MW1GS60779,2,9787540932282
MW1GS66332,1,9787800578472
MW1GS66332,2,9787800578472
MW1GS66332,3,9787800578472
MW1GS66332,4,9787800578472
MW1GS66332,5,9787800578472
MW1GS66332,6,9787800578472
MW1GS66332,7,9787800578472
MW1GS66332,8,9787800578472
MW1GS66332,9,9787800578472
MW1GS66332,10,9787800578472
MW1GS66344,1,9787800578489
MW1GS66344,2,9787800578489
MW1GS66344,3,9787800578489
MW1GS66344,4,9787800578489
MW1GS66344,5,9787800578489
MW1GS66344,6,9787800578489
MW1GS66344,7,9787800578489
MW1KG110449,1,9789380091204
MW1KG110449,2,9789380091211
MW1KG110449,3,9789380091228
MW1KG13122,1,9787542014658
MW1KG13122,2,9787542015334
MW1KG14136,1,9789380359526
MW1KG14136,2,9789380359533
MW1KG14647,1,9788189210052
MW1KG14647,2,9788189210069
MW1KG14647,3,9788189210076
MW1KG14647,4,9788189210083
MW1KG14694,1,9787805890661
MW1KG14694,2,9787805890852
MW1KG14694,3,9787805890685
MW1KG14694,4,9787805890883
MW1KG14694,5,9787805890883
MW1KG14710,1,9787802537552
MW1KG14710,2,9787802537552
MW1KG14721,1,9787802532588
MW1KG14721,2,9787802532588
MW1KG14721,3,9787802532588
MW1KG14777,1,9787800579929
MW1KG14777,2,9787800579936
MW1KG14777,3,9787802532571
MW1KG14777,4,9787802534711
MW1KG16557,1,9787805893655
MW1KG16557,2,9787805893655
MW1KG16596,1,9787542013705
MW1KG16596,2,9787542013767
MW1KG16596,3,9787542013699
MW1KG16651,1,9787802533356
MW1KG16651,2,9787802533356
MW1KG16651,3,9787802533356
MW1KG16651,4,9787802533356
MW1KG16651,5,9787802533356
MW1KG16651,6,9787802533356
MW1KG16651,7,9787802533356
MW1KG16651,8,9787802533356
MW1KG16651,9,9787802533356
MW1KG16651,10,9787802533356
MW1KG16651,11,9787802533356
MW1KG16651,12,9787802533356
MW1KG16651,13,9787802533356
MW1KG16651,14,9787802533356
MW1KG16651,15,9787802533356
MW1KG16652,1,9787802533349
MW1KG16652,2,9787802533349
MW1KG16652,3,9787802533349
MW1KG16652,4,9787802533349
MW1KG16652,5,9787802533349
MW1KG16652,6,9787802533349
MW1KG16652,7,9787802533349
MW1KG16652,8,9787802533349
MW1KG16652,9,9787802533349
MW1KG16652,10,9787802533349
MW1KG16652,11,9787802533349
MW1KG16652,12,9787802533349
MW1KG16652,13,9787802533349
MW1KG16652,14,9787802533349
MW1KG16652,15,9787802533349
MW1KG16652,16,9787802533349
MW1KG16652,17,9787802533349
MW1KG16652,18,9787802533349
MW1KG16652,19,9787802533349
MW1KG16652,20,9787802533349
MW1KG16652,21,9787802533349
MW1KG16652,22,9787802533349
MW1KG16652,23,9787802533349
MW1KG16652,24,9787802533349
MW1KG16653,1,9787805892207
MW1KG16653,2,9787805892207
MW1KG16653,3,9787805892207
MW1KG16653,4,9787805892207
MW1KG16653,5,9787805892207
MW1KG16653,6,9787805892207
MW1KG16653,7,9787805892207
MW1KG16653,8,9787805892207
MW1KG16653,9,9787805892207
MW1KG16653,10,9787805892207
MW1KG16653,11,9787805892207
MW1KG16653,12,9787805892207
MW1KG16653,13,9787805892207
MW1KG16653,14,9787805892207
MW1KG16653,15,9787805892207
MW1KG16653,16,9787805892207
MW1KG16653,17,9787805892207
MW1KG16653,18,9787805892207
MW1KG16653,19,9787805892207
MW1KG16653,20,9787805892207
MW1KG16653,21,9787805892207
MW1KG16713,1,9787802535954
MW1KG16713,2,9787802535954
MW1KG16714,1,9787805892214
MW1KG16714,2,9787805892214
MW1KG16714,3,9787805892214
MW1KG16714,4,9787805892214
MW1KG16714,5,9787805892214
MW1KG16714,6,9787805892214
MW1KG17456,1,9788192881102
MW1KG17456,2,9788192881119
MW1KG17456,3,9788192881126
MW1KG17456,4,9788192881133
MW1KG17456,5,9788192881140
MW1KG17456,6,9788192881157
MW1KG17456,7,9788192881164
MW1KG17456,8,9788192881171
MW1KG17456,9,9788192881188
MW1KG17456,10,9788192881195
MW1KG17456,11,9789383859009
MW1KG17456,12,9789383859016
MW1KG17456,13,9789383859023
MW1KG17456,14,9789383859030
MW1KG17456,15,9789383859047
MW1KG17456,16,9789383859054
MW1KG17456,17,9789383859061
MW1KG17456,18,9789383859078
MW1KG17456,19,9789383859085
MW1KG17456,20,9789383859092
MW1KG17456,21,9789383859108
MW1KG17456,22,9789383859115
MW1KG18571,1,9787540939175
MW1KG18571,2,9787540939182
MW1KG18571,3,9787540939199
MW1KG18573,1,9787540939120
MW1KG18573,2,9787540939113
MW1KG18573,3,9787540939106
MW1KG20853,2,9787540939434
MW1KG20853,3,9787540939441
MW1KG20990,1,9789383441150
MW1KG20990,2,9789383441167
MW1KG2164,1,9788186227404
MW1KG2164,2,9788186227411
MW1KG21706,1,9787542106933
MW1KG21706,2,9787542106933
MW1KG22577,1,9789384244590
MW1KG22577,2,9789384244590
MW1KG23421,1,9789380359878
MW1KG23421,2,9789383441006
MW1KG23421,3,9789383441099
MW1KG23421,4,9789383441129
MW1KG23421,5,9789383441365
MW1KG23421,9,9789383441778
MW1KG24530,1,9789383441631
MW1KG24530,2,9789383441648
MW1KG25343,1,9787542013194
MW1KG25343,2,9787542013194
MW1KG25823,1,9787540924539
MW1KG25823,2,9787540924539
MW1KG25823,3,9787540924539
MW1KG25823,4,9787540924539
MW1KG25823,5,9787540924539
MW1KG25823,6,9787540924539
MW1KG25823,7,9787540924539
MW1KG25823,8,9787540924539
MW1KG25833,1,9787540962692
MW1KG25833,2,9787540962692
MW1KG26089,2,9789382020028
MW1KG26089,3,9789382020035
MW1KG26089,4,9789382020042
MW1KG26089,5,9789382020059
MW1KG26089,6,9789382020066
MW1KG26089,7,9789382020073
MW1KG26089,8,9789382020080
MW1KG26089,9,9789382020097
MW1KG26089,10,9789382020103
MW1KG26089,11,9789382020110
MW1KG26089,12,9789382020127
MW1KG26089,13,9789382020134
MW1KG26089,14,9789382020141
MW1KG26089,15,9789382020158
MW1KG26089,16,9789382020165
MW1KG26089,17,9789382020172
MW1KG26089,18,9789382020189
MW1KG26089,19,9789382020189
MW1KG26089,20,9789382020202
MW1KG26089,21,9789382020202
MW1KG26089,22,9789382020202
MW1KG26089,23,9789382020202
MW1KG26089,29,9789382020295
MW1KG26105,1,9788190738583
MW1KG26105,2,9788190738583
MW1KG26109,1,9789384244408
MW1KG26109,2,9789384244408
MW1KG4876,1,9787802531376
MW1KG4876,2,9787802531376
MW1KG4876,3,9787802531376
MW1KG4876,4,9787802531376
MW1KG4876,5,9787802531376
MW1KG4876,6,9787802531376
MW1KG4884,1,9787802532106
MW1KG4884,2,9787802532106
MW1KG4884,3,9787802532106
MW1KG4884,4,9787802532106
MW1KG4884,5,9787802532106
MW1KG4884,6,9787802532106
MW1KG4884,7,9787802532106
MW1KG4884,8,9787802532106
MW1KG4884,9,9787802532106
MW1KG4884,10,9787802532106
MW1KG4884,11,9787802532106
MW1KG4884,12,9787802532106
MW1KG4884,13,9787802532106
MW1KG4884,14,9787802532106
MW1KG4884,15,9787802532106
MW1KG4884,16,9787802532106
MW1KG4884,17,9787802532106
MW1KG4884,18,9787802532106
MW1KG4884,19,9787802532106
MW1KG4884,20,9787802532106
MW1KG4884,21,9787802532106
MW1KG4884,22,9787802532106
MW1KG4884,23,9787802532106
MW1KG4884,24,9787802532106
MW1KG4884,25,9787802532106
MW1KG4884,26,9787802532106
MW1KG5775,1,9787800579356
MW1KG5775,2,9787800579356
MW1KG5966,2,9787105108114
MW1KG5966,3,9787105108114
MW1KG5966,4,9787105108114
MW1KG5966,5,9787105108114
MW1KG6160,1,9787540943592
MW1KG6160,2,9787540943592
MW1KG6160,3,9787540943592
MW1KG6257,1,9787540933708
MW1KG6257,2,9787540933708
MW1KG6257,3,9787540933708
MW1KG820,1,9788190481045
MW1KG820,2,9788190481052
MW1KG9771,1,9787540932183
MW1KG9771,2,9787540931919
MW1KG9771,3,9787540932268
MW1KG9771,4,9787540930943
MW1KG9771,5,9787540930950
MW1PD104698,1,9787802531321
MW1PD104698,2,9787802531321
MW1PD107129,1,9787540944384
MW1PD107129,2,9787540944384
MW1PD107129,3,9787540944384
MW1PD107129,4,9787540944384
MW1PD107129,5,9787540944384
MW1PD107129,6,9787540944384
MW1PD107129,7,9787540944384
MW1PD107129,8,9787540944384
MW1PD107129,9,9787540944384
MW1PD107129,10,9787540944384
MW1PD107129,11,9787540944384
MW1PD107937,1,9787802531369
MW1PD107937,2,9787802531369
MW1PD107937,3,9787802531369
MW1PD107937,4,9787802531369
MW1PD107937,5,9787802531369
MW1PD107937,6,9787802531369
MW1PD107937,7,9787802531369
MW1PD107937,8,9787802531369
MW1PD107937,9,9787802531369
MW1PD107937,10,9787802531369
MW1PD107937,11,9787802531369
MW1PD107937,12,9787802531369
MW1PD107937,13,9787802531369
MW1PD107937,14,9787802531369
MW1PD107937,15,9787802531369
MW1PD107937,16,9787802531369
MW1PD107937,17,9787802531369
MW1PD107937,18,9787802531369
MW1PD107937,19,9787802531369
MW1PD107937,20,9787802531369
MW1PD107937,21,9787802531369
MW1PD107937,22,9787802531369
MW1PD107937,23,9787802531369
MW1PD107937,24,9787802531369
MW1PD107937,25,9787802531369
MW1PD107937,26,9787802531369
MW1PD107937,27,9787802531369
MW1PD107937,28,9787802531369
MW1PD108254,1,9787540937836
MW1PD108254,2,9787540937836
MW1PD108254,3,9787540937836
MW1PD108254,4,9787540937836
MW1PD108254,5,9787540937836
MW1PD108254,6,9787540937836
MW1PD133161,1,9787540948252
MW1PD133161,2,9787540948252
MW1PD133161,3,9787540948252
MW1PD133161,4,9787540948252
MW1PD133161,5,9787540948252
MW1PD133161,6,9787540948252
MW1PD133161,7,9787540948252
MW1PD133161,8,9787540948252
MW1PD133161,9,9787540948252
MW1PD133161,10,9787540948252
MW1PD133161,11,9787540948252
MW1PD133161,12,9787540948252
MW1PD133161,13,9787540948252
MW1PD133161,14,9787540948252
MW1PD133161,15,9787540948252
MW1PD133161,16,9787540948252
MW1PD133161,17,9787540948252
MW1PD133162,1,9787540954185
MW1PD133162,2,9787540954185
MW1PD133162,3,9787540954185
MW1PD133162,4,9787540954185
MW1PD133162,5,9787540948351
MW1PD133162,6,9787540948351
MW1PD133162,7,9787540954185
MW1PD133162,8,9787540954185
MW1PD133162,9,9787540948351
MW1PD133162,10,9787540948351
MW1PD133162,11,9787540948351
MW1PD133162,12,9787540954185
MW1PD133162,13,9787540948351
MW1PD133162,14,9787540954185
MW1PD133164,1,9787540945879
MW1PD133164,2,9787540945879
MW1PD133164,3,9787540945879
MW1PD133164,4,9787540945879
MW1PD133164,5,9787540945879
MW1PD133164,6,9787540945879
MW1PD133164,7,9787540945879
MW1PD133164,8,9787540945879
MW1PD133170,1,9787540949235
MW1PD133170,2,9787540949235
MW1PD133170,3,9787540949235
MW1PD133170,4,9787540949235
MW1PD133170,5,9787540949235
MW1PD133170,6,9787540949235
MW1PD133170,7,9787540949235
MW1PD133170,8,9787540949235
MW1PD137782,1,9787105115204
MW1PD137782,2,9787105115204
MW1PD137782,3,9787105115204
MW1PD137782,4,9787105115204
MW1PD137782,5,9787105115204
MW1PD137782,6,9787105115204
MW1PD137782,7,9787105115204
MW1PD137789,1,9787105116782
MW1PD137789,2,9787105116782
MW1PD137789,3,9787105116782
MW1PD137789,4,9787105116782
MW1PD137789,5,9787105116782
MW1PD137789,6,9787105116782
MW1PD137789,7,9787105116782
MW1PD137789,8,9787105116782
MW1PD137789,9,9787105116782
MW1PD137789,10,9787105116782
MW1PD137798,1,9787105122561
MW1PD137798,2,9787105122554
MW1PD137798,3,9787105122547
MW1PD137798,4,9787105122684
MW1PD137798,5,9787105122592
MW1PD137829,1,9787105119196
MW1PD137829,2,9787105119196
MW1PD137838,1,9787540949341
MW1PD137838,2,9787540949341
MW1PD137841,1,9787802531833
MW1PD137841,2,9787802531840
MW1PD137841,3,9787802531857
MW1PD137841,4,9787802531864
MW1PD137841,5,9787802531871
MW1PD137841,6,9787802532212
MW1PD137841,7,9787802532229
MW1PD137841,8,9787802532236
MW1PD137841,9,9787802532243
MW1PD137841,10,9787802532250
MW1PD137841,11,9787802535145
MW1PD137841,12,9787802535152
MW1PD137841,13,9787802535169
MW1PD137841,14,9787802535176
MW1PD137841,15,9787802535183
MW1PD137841,16,9787802535190
MW1PD137841,17,9787802535206
MW1PD137841,18,9787802535213
MW1PD137841,19,9787802535220
MW1PD137841,20,9787802535237
MW1PD137842,1,9787540949136
MW1PD137842,2,9787540949136
MW1PD137842,3,9787540949136
MW1PD137846,1,9787540948696
MW1PD137846,2,9787540948696
MW1PD137846,3,9787540948696
MW1PD137856,1,9787542015419
MW1PD137856,2,9787542015402
MW1PD137856,3,9787542015396
MW1PD137878,1,9787802533004
MW1PD137878,2,9787802533004
MW1PD137878,3,9787802533004
MW1PD137878,4,9787802533004
MW1PD137878,5,9787802533004
MW1PD137878,6,9787802533004
MW1PD137883,1,9787802533028
MW1PD137883,2,9787802533028
MW1PD137883,3,9787802533028
MW1PD137883,4,9787802533028
MW1PD137883,5,9787802533028
MW1PD137883,6,9787802533028
MW1PD137884,1,9787802533424
MW1PD137884,2,9787802533424
MW1PD137884,3,9787802533424
MW1PD137884,4,9787802533424
MW1PD137884,5,9787802533424
MW1PD137884,6,9787802533424
MW1PD137888,1,9787802532328
MW1PD137888,2,9787802532991
MW1PD137890,1,9787802534797
MW1PD137890,2,9787802534797
MW1PD137895,1,9787802532533
MW1PD137895,2,9787802532533
MW1PD152297,1,9787805892542
MW1PD152297,2,9787805892542
MW1PD152297,3,9787805892542
MW1PD152297,4,9787805892542
MW1PD152297,5,9787805892542
MW1PD152297,6,9787805892542
MW1PD152297,7,9787805892542
MW1PD152297,8,9787805892542
MW1PD152297,9,9787805892542
MW1PD152297,10,9787805892542
MW1PD152297,11,9787805892542
MW1PD152297,12,9787805892542
MW1PD152297,13,9787805892542
MW1PD152297,14,9787805892542
MW1PD152297,15,9787805892542
MW1PD152297,16,9787805892542
MW1PD152297,17,9787805892542
MW1PD152297,18,9787805892542
MW1PD152297,19,9787805892542
MW1PD152297,20,9787805892542
MW1PD152297,21,9787805892542
MW1PD152297,22,9787805892542
MW1PD152297,23,9787805892542
MW1PD152297,24,9787805892542
MW1PD152297,25,9787805892542
MW1PD152303,1,9787105115471
MW1PD152303,2,9787105115464
MW1PD159373,1,9787802534933
MW1PD159373,2,9787802534933
MW1PD159383,1,9787540949884
MW1PD159383,2,9787540949884
MW1PD159383,3,9787540949884
MW1PD159411,1,9787105124671
MW1PD159411,2,9787105124671
MW1PD159411,3,9787105124671
MW1PD159451,1,9787105111268
MW1PD159451,2,9787105111275
MW1PD159451,3,9787105111251
MW1PD159451,4,9787105115303
MW1PD159451,5,9787105111664
MW1PD159451,6,9787105115341
MW1PD159451,7,9787105115280
MW1PD159451,8,9787105111657
MW1PD159451,9,9787105115327
MW1PD159451,10,9787105115310
MW1PD159451,11,9787105111626
MW1PD159451,12,9787105119554
MW1PD159454,1,9787105121472
MW1PD159454,2,9787105121595
MW1PD159454,3,9787105121588
MW1PD159454,4,9787105121557
MW1PD159454,5,9787105121571
MW1PD159454,6,9787105121540
MW1PD159454,7,9787105121533
MW1PD159454,8,9787105121519
MW1PD159454,9,9787105121502
MW1PD159454,10,9787105121564
MW1PD159455,1,9787105119325
MW1PD159455,2,9787105119332
MW1PD159455,3,9787105119349
MW1PD159455,4,9787105119318
MW1PD159455,5,9787105119356
MW1PD159455,6,9787105119288
MW1PD159455,7,9787105119295
MW1PD159455,8,9787105119301
MW1PD159455,9,9787105119387
MW1PD159455,10,9787105119363
MW1PD159455,11,9787105119394
MW1PD159455,12,9787105119370
MW1PD159539,1,9787105124022
MW1PD159539,2,9787105124343
MW1PD180878,1,9787542018144
MW1PD180878,2,9787542018144
MW1PD180878,3,9787542018144
MW1PD180878,4,9787542018144
MW1PD180878,5,9787542018144
MW1PD180878,6,9787542018144
MW1PD180878,7,9787542018144
MW1PD180878,8,9787542018144
MW1PD180878,9,9787542018144
MW1PD180878,10,9787542018144
MW1PD180878,11,9787542018144
MW1PD180878,12,9787542018144
MW1PD180878,13,9787542018144
MW1PD180878,14,9787542018144
MW1PD180878,15,9787542018144
MW1PD180878,16,9787542018144
MW1PD180878,17,9787542018144
MW1PD180878,18,9787542018144
MW1PD180878,19,9787542018144
MW1PD180878,20,9787542018144
MW1PD180878,21,9787542018144
MW1PD180878,22,9787542018144
MW1PD180878,23,9787542018144
MW1PD180878,24,9787542018144
MW1PD180878,25,9787542018144
MW1PD180878,26,9787542018144
MW1PD180878,27,9787542018144
MW1PD180878,28,9787542018144
MW1PD180878,29,9787542018144
MW1PD180878,30,9787542018144
MW1PD180878,31,9787542018137
MW1PD181143,1,9787540954574
MW1PD181143,2,9787540954574
MW1PD181143,3,9787540954581
MW1PD181143,4,9787540954581
MW1PD181143,5,9787540954581
MW1PD181143,6,9787540954581
MW1PD181143,7,9787540954598
MW1PD181143,8,9787540954598
MW1PD181143,9,9787540954598
MW1PD181143,10,9787540954598
MW1PD181143,11,9787540954604
MW1PD181143,12,9787540954604
MW1PD181143,13,9787540954604
MW1PD181143,14,9787540954604
MW1PD181143,15,9787540954604
MW1PD181143,16,9787540954611
MW1PD181143,17,9787540954611
MW1PD181143,18,9787540954628
MW1PD181143,19,9787540954635
MW1PD181143,20,9787540954642
MW1PD192036,1,9787805891613
MW1PD192036,2,9787805891613
MW1PD192038,1,9787805891880
MW1PD192038,2,9787805891880
MW1PD45495,1,9787802530133
MW1PD45495,2,9787802530133
MW1PD45495,3,9787802530133
MW1PD45495,4,9787802530133
MW1PD45495,5,9787802530133
MW1PD45495,6,9787802530133
MW1PD45495,7,9787802530133
MW1PD45495,8,9787802530133
MW1PD45495,9,9787802530133
MW1PD45495,10,9787802530133
MW1PD45495,11,9787802530133
MW1PD45495,12,9787802530133
MW1PD45495,13,9787802530133
MW1PD45495,14,9787802530133
MW1PD45495,15,9787802530133
MW1PD45495,16,9787802530133
MW1PD45495,17,9787802530133
MW1PD45495,18,9787802530133
MW1PD45495,19,9787802530133
MW1PD45495,20,9787802530133
MW1PD45495,21,9787802530133
MW1PD45495,22,9787802530133
MW1PD45495,23,9787802530133
MW1PD45495,24,9787802530133
MW1PD45495,25,9787802530133
MW1PD45495,26,9787802530133
MW1PD45495,27,9787802530133
MW1PD45495,28,9787802530133
MW1PD45495,29,9787802530133
MW1PD45495,30,9787802530133
MW1PD45495,31,9787802530133
MW1PD45495,32,9787802530133
MW1PD45495,33,9787802530133
MW1PD45495,34,9787802530133
MW1PD45495,35,9787802530133
MW1PD45495,36,9787802530133
MW1PD45495,37,9787802530133
MW1PD45495,38,9787802530133
MW1PD45495,39,9787802530133
MW1PD45495,40,9787802530133
MW1PD45495,41,9787802530133
MW1PD45495,42,9787802530133
MW1PD45495,43,9787802530133
MW1PD45495,44,9787802530133
MW1PD45495,45,9787802530133
MW1PD76592,1,9787800575938
MW1PD76592,2,9787800575938
MW1PD83963,1,9787540934729
MW1PD83963,2,9787540934729
MW1PD83964,1,9787540939601
MW1PD83964,2,9787540939601
MW1PD89051,1,9787540932497
MW1PD89051,2,9787540932497
MW1PD89051,3,9787540932497
MW1PD89051,4,9787540932497
MW1PD89051,5,9787540932497
MW1PD89051,6,9787540932497
MW1PD89051,7,9787540932497
MW1PD89051,8,9787540932497
MW1PD89051,9,9787540932497
MW1PD89051,10,9787540932497
MW1PD89051,11,9787540932497
MW1PD89051,12,9787540932497
MW1PD89051,13,9787540932497
MW1PD89051,14,9787540932497
MW1PD89051,15,9787540932497
MW1PD89051,16,9787540932497
MW1PD89051,17,9787540932497
MW1PD89051,18,9787540932497
MW1PD89051,19,9787540932497
MW1PD89051,20,9787540932497
MW1PD89051,21,9787540932497
MW1PD89051,22,9787540932497
MW1PD89051,23,9787540932497
MW1PD89051,24,9787540932497
MW1PD89051,25,9787540932497
MW1PD89051,26,9787540932497
MW1PD89051,27,9787540932497
MW1PD89051,28,9787540932497
MW1PD89051,29,9787540932497
MW1PD89051,30,9787540932497
MW1PD89051,31,9787540932510
MW1PD90129,1,9787802531406
MW1PD90129,2,9787802531406
MW1PD90129,3,9787802531406
MW1PD90129,4,9787802531406
MW1PD90129,5,9787802531406
MW1PD90129,6,9787802531406
MW1PD90129,7,9787802531406
MW1PD90129,8,9787802531406
MW1PD90129,9,9787802531406
MW1PD90129,10,9787802531406
MW1PD90129,11,9787802531406
MW1PD90129,12,9787802531406
MW1PD90129,13,9787802531406
MW1PD90129,14,9787802531406
MW1PD90129,15,9787802531406
MW1PD90129,16,9787802531406
MW1PD90129,17,9787802531406
MW1PD90129,18,9787802531406
MW1PD90704,1,9787802531352
MW1PD90704,2,9787802531352
MW1PD90704,3,9787802531352
MW1PD90704,4,9787802531352
MW1PD90704,5,9787802531352
MW1PD90704,6,9787802531352
MW1PD96438,1,9789624501667
MW1PD96438,2,9789624501711
MW1PD96438,3,9789624501728
MW1PD96997,1,9787540942342
MW1PD96997,2,9787540942342
MW1PD96997,3,9787540942342
MW1PD96997,4,9787540942342
MW1PD96997,5,9787540942342
MW1PD96997,6,9787540942342
MW1PD97485,1,9787802531956
MW1PD97485,2,9787802531956
MW1PD97485,3,9787802531956
MW1PD97485,4,9787802531956
MW1PD97485,5,9787802531956
MW21617,1,9787540921354
MW21617,2,9787540921354
MW21661,1,9787542107091
MW21661,2,9787542107091
MW21964,1,9787540920555
MW21964,2,9787540920555
MW21968,1,9787540914189
MW21968,2,9787540914189
MW23847,1,9787105050499
MW23847,2,9787105064229
MW23847,4,9787105097944
MW24672,1,9787540927691
MW24672,2,9787540927707
MW24829,1,9787540927639
MW24829,2,9787540927639
MW24829,3,9787540927639
MW24829,4,9787540927639
MW24829,5,9787540927639
MW24829,6,9787540927639
MW24829,7,9787540927639
MW24829,8,9787540927639
MW25007,1,9787540927394
MW25007,2,9787540927394
MW25007,3,9787540927394
MW25007,4,9787540927394
MW25007,5,9787540927394
MW25007,6,9787540927394
MW25007,7,9787540927394
MW25050,1,9787542009630
MW25050,2,9787542009630
MW25151,1,9787542109071
MW25151,2,9787542109071
MW25151,3,9787542109071
MW25151,4,9787542109071
MW25151,5,9787542109071
MW25268,1,9787800571084
MW25268,2,9787800573033
MW25992,1,9789624501599
MW25992,2,9789624501599
MW26010,1,9787542108555
MW26010,2,9787542108555
MW26180,1,9787542009241
MW26180,2,9787105060184
MW27313,1,9787805890166
MW27313,2,9787805890166
MW27313,3,9787805890166
MW28260,1,9787540932596
MW28260,2,9787540932596
MW28849,1,9787540925352
MW28849,2,9787540925352
MW28849,3,9787540925345
MW28849,4,9787540925352
MW28849,5,9787540925345
MW28849,6,9787540925352
MW28861,1,9787542108524
MW28861,2,9787542108524
MW28887,1,9787540929800
MW28887,2,9787540929800
MW28898,1,9787540929794
MW28898,2,9787540929794
MW28898,3,9787540929794
MW28898,4,9787540929794
MW28898,5,9787540929794
MW28922,1,9787540929947
MW28922,2,9787540929947
MW28936,1,9787540929930
MW28936,2,9787540929930
MW28948,1,9787105059980
MW28948,2,9787105059997
MW28948,3,9787105060009
MW28948,4,9787105060016
MW28948,5,9787105060023
MW28948,6,9787105060030
MW28948,7,9787105060047
MW28948,8,9787105060054
MW28955,1,9787540922542
MW28955,2,9787540922542
MW28955,3,9787540922542
MW28955,4,9787540922542
MW28955,5,9787540922542
MW28957,1,9787540929831
MW28957,2,9787540929831
MW29059,1,9787540930752
MW29059,2,9787540930752
MW29059,3,9787540930752
MW29186,1,9789624501087
MW29186,2,9789624501087
MW29186,3,9789624501087
MW29186,4,9789624501087
MW29186,5,9789624501087
MW29513,1,9787105070046
MW29513,2,9787105070053
MW29513,3,9787105070060
MW29513,4,9787105070077
MW29513,5,9787105070084
MW2DB16428,1,9787800578496
MW2DB16428,2,9787800578496
MW2DB16428,3,9787800578496
MW2DB25429,1,9787540933951
MW2DB25429,2,9787540933951
MW2DB4568,1,9787800578465
MW2DB4568,2,9787800578465
MW2DB4568,3,9787800578465
MW2DB4568,4,9787800578465
MW2DB4573,1,9787800578465
MW2DB4573,2,9787800578465
MW2DB4573,3,9787800578465
MW2DB4573,4,9787800578465
MW2DB4573,5,9787800578465
MW2DB4577,1,9787800578984
MW2DB4577,2,9787800578984
MW2DB4577,3,9787800578984
MW2DB4577,4,9787800578984
MW2DB4577,5,9787800578984
MW2DB4577,6,9787800578984
MW2DB4577,7,9787800578984
MW2DB4578,1,9787540933654
MW2DB4578,2,9787540933654
MW2DB4578,3,9787540933654
MW2DB4578,4,9787540933654
MW2DB4578,5,9787540933654
MW2DB4578,6,9787540933654
MW2DB4578,7,9787540933654
MW2DB4578,8,9787540933654
MW2DB4578,9,9787540933654
MW2DB4578,10,9787540933654
MW2DB4578,11,9787540933654
MW2DB4578,12,9787540933654
MW2DB4578,13,9787540933654
MW2KG209078,1,9787542030863
MW2KG209078,2,9787542030870
MW2KG209079,1,9787542030276
MW2KG209079,2,9787542030283
MW2KG209080,1,9787542030139
MW2KG209080,2,9787542030146
MW2KG209082,1,9787542030832
MW2KG209082,2,9787542030849
MW2KG212701,1,9787542143525
MW2KG212701,2,9787542143525
MW2KG212709,1,9787542136107
MW2KG212709,2,9787542136060
MW2KG212709,3,9787542136077
MW2KG212709,4,9787542135872
MW2KG212709,5,9787542136084
MW2KG212709,6,9787542136114
MW2KG212709,7,9787542136008
MW2KG212710,1,9787542146496
MW2KG212710,2,9787542146489
MW2KG212710,3,9787542146465
MW2KG212710,4,9787542146472
MW2KG228995,1,9787542032799
MW2KG228995,2,9787542032799
MW2KG228995,3,9787542032799
MW2KG228995,4,9787542032799
MW2KG228995,5,9787542032799
MW2KG228995,6,9787542032799
MW2KG228995,7,9787542032799
MW2KG228995,8,9787542032799
MW2KG228995,9,9787542032799
MW2KG228995,10,9787542032799
MW2KG229029,1,9787542148544
MW2KG229029,2,9787542148544
MW2KG229029,3,9787542148544
MW2KG229480,1,9789383091836
MW2KG229480,2,9789383091850
MW2KG229480,3,9789383091867
MW2KG234653,1,9788192489605
MW2KG234653,2,9788192489612
MW2KG234653,3,9788192489629
MW2KG234653,4,9788192489636
MW2KG234653,5,9788192489643
MW2PD17395,1,9787802537507
MW2PD17395,2,9787802537507
MW2PD17396,1,9787802537484
MW2PD17396,2,9787802537484
MW2PD17428,1,9787540956400
MW2PD17428,2,9787540956417
MW2PD17428,3,9787540956424
MW2PD17428,4,9787540956431
MW2PD17428,5,9787540956448
MW2PD17428,6,9787540956455
MW2PD17428,7,9787540956462
MW2PD17428,8,9787540956479
MW2PD17428,9,9787540956486
MW2PD17428,10,9787540956493
MW2PD17428,11,9787540956509
MW2PD17428,12,9787540956875
MW2PD17428,13,9787540956820
MW2PD17428,14,9787540956837
MW2PD17428,15,9787540956882
MW2PD17428,16,9787540956844
MW2PD17428,17,9787540956899
MW2PD17428,18,9787540956851
MW2PD17428,19,9787540957100
MW2PD17428,20,9787540957117
MW2PD17428,21,9787540957124
MW2PD17428,22,9787540957131
MW2PD17428,23,9787540957148
MW2PD17428,24,9787540957155
MW2PD17428,25,9787540957162
MW2PD17430,1,9787223046114
MW2PD17430,2,9787223046114
MW2PD17430,3,9787223046121
MW2PD17430,4,9787223046107
MW2PD17430,5,9787223046138
MW2PD17430,6,9787223046145
MW2PD17430,7,9787223046152
MW2PD17430,8,9787223046169
MW2PD17430,9,9787223046176
MW2PD17603,1,9787802533493
MW2PD17603,2,9787802533462
MW2PD17603,3,9787802533479
MW2PD17603,4,9787802533455
MW2PD17603,5,9787802533486
MW2PD17629,1,9787900736512
MW2PD17629,2,9787900736512
MW2PD17629,3,9787900736512
MW2PD17629,4,9787900736512
MW2PD17635,1,9787223022767
MW2PD17635,2,9787223022767
MW2PD19352,1,9787800573019
MW2PD19352,2,9787800578014
MW2PD19364,1,9787561436752
MW2PD19364,2,9787561441336
MW2PD19364,3,9787561444832
MW2PD19364,4,9787561452059
MW2PD19364,5,9787561458723
MW2PD19364,6,9787561473900
MW2PD19364,7,9787802537309
MW30013,1,9787542009227
MW30013,2,9787542009210
MW30016,1,9787542009333
MW30016,2,9787542009340
MW30019,1,9787542009258
MW30019,2,9787542009265
MW30034,1,9787542008671
MW30034,2,9787542008688
MW30446,1,9787805890500
MW30446,2,9787805890500
MW3CN17752,1,9788186627679
MW3CN17752,2,9788186627679
MW3CN21500,1,9787805898520
MW3CN21500,2,9787805898520
MW3CN21500,3,9787805898520
MW3CN21500,4,9787805898520
MW3CN21500,5,9787805898520
MW3CN21500,6,9787805898520
MW3CN21500,7,9787805898520
MW3CN21500,8,9787805898520
MW3CN21500,9,9787805898520
MW3CN21500,10,9787805898520
MW3CN21518,1,9787570002726
MW3CN21518,2,9787570002726
MW3CN21518,3,9787570002726
MW3CN21518,4,9787570002726
MW3CN21518,5,9787570002726
MW3CN21518,6,9787570002726
MW3CN21518,7,9787570002726
MW3CN21518,8,9787570002726
MW3CN21518,9,9787570002726
MW3CN21518,10,9787570002726
MW3CN21518,11,9787570002726
MW3CN21518,12,9787570002726
MW3CN21518,13,9787570002726
MW3CN21525,1,9787805897233
MW3CN21525,2,9787805897233
MW3CN21526,1,9787805897240
MW3CN21526,2,9787805897240
MW3CN21526,3,9787805897240
MW3CN21526,4,9787805897240
MW3CN21526,5,9787805897240
MW3CN21527,1,9787805897240
MW3CN21527,2,9787805897240
MW3CN21527,3,9787805897240
MW3CN21527,4,9787805897240
MW3CN21527,5,9787805897240
MW3CN21527,6,9787805898483
MW3CN21527,7,9787805897240
MW3CN21527,8,9787805897240
MW3CN21527,9,9787805897240
MW3CN21527,10,9787805897240
MW3CN21527,11,9787805897240
MW3CN21540,1,9787570002597
MW3CN21540,2,9787570002597
MW3CN21540,3,9787570002597
MW3CN21540,4,9787570002597
MW3CN21540,5,9787570002597
MW3CN21540,6,9787570002597
MW3CN21540,7,9787570002597
MW3CN21541,1,9787570001170
MW3CN21541,2,9787570001170
MW3CN21541,3,9787570001170
MW3CN21541,4,9787570001170
MW3CN21541,5,9787570001170
MW3CN21541,6,9787570001170
MW3CN21546,1,9787570001125
MW3CN21546,2,9787570001125
MW3CN21546,3,9787570001125
MW3CN21547,1,9787570001156
MW3CN21547,2,9787570001156
MW3CN21547,3,9787570001156
MW3CN21547,4,9787570001156
MW3CN21547,5,9787570001156
MW3CN21548,1,9787570001132
MW3CN21548,2,9787570001132
MW3CN21548,3,9787570001132
MW3CN21548,4,9787570001132
MW3CN21559,1,9787805899190
MW3CN21559,2,9787805899244
MW3CN21559,3,9787805899251
MW3CN21562,1,9787805895345
MW3CN21562,2,9787805895345
MW3CN21562,3,9787805895345
MW3CN21562,4,9787805895345
MW3CN21562,5,9787805895345
MW3CN21562,6,9787805895345
MW3CN21562,7,9787805895345
MW3CN21563,1,9787570000432
MW3CN21563,2,9787570000432
MW3CN21563,3,9787570000432
MW3CN21564,1,9787570000463
MW3CN21564,2,9787570000463
MW3CN21564,3,9787570000463
MW3CN21638,1,9787570000395
MW3CN21638,2,9787570000395
MW3CN21638,3,9787570000395
MW3CN21691,1,9787654721536
MW3CN21691,2,9787654721536
MW3CN21836,1,9789888516643
MW3CN21836,2,9789888516643
MW3CN21836,3,9789888516643
MW3CN21836,4,9789888516643
MW3CN21836,5,9789888516643
MW3CN21836,6,9789888516643
MW3CN21836,7,9789888516643
MW3CN21836,8,9789888516643
MW3CN21836,9,9789888516643
MW3CN21836,10,9789888516643
MW3CN21836,11,9789888516643
MW3CN21836,12,9789888516643
MW3CN21836,13,9789888516643
MW3CN22342,1,9787570002948
MW3CN22342,2,9787570003266
MW3CN22342,3,9787570003273
MW3CN22342,4,9787570003280
MW3CN22342,5,9787570003303
MW3CN22342,6,9787570003297
MW3CN22342,7,9787570003310
MW3CN22342,8,9787570003327
MW3CN22342,9,9787570003334
MW3CN22342,10,9787570003341
MW3CN22342,11,9787570003358
MW3CN22915,1,9787540980191
MW3CN22915,2,9787540980191
MW3CN22920,1,9787540969066
MW3CN22920,2,9787540969066
MW3CN22920,3,9787540969066
MW3CN22920,4,9787540969066
MW3CN22920,5,9787540969066
MW3CN22920,6,9787540969066
MW3CN22920,7,9787540969066
MW3CN22920,8,9787540969066
MW3CN22920,9,9787540969066
MW3CN22927,1,9787540964825
MW3CN22927,2,9787540964825
MW3CN22931,1,9787540973698
MW3CN22931,2,9787540973698
MW3CN22931,3,9787540973698
MW3CN22931,4,9787540973698
MW3CN22949,1,9787540963668
MW3CN22949,2,9787540963668
MW3CN22949,3,9787540963668
MW3CN22949,4,9787540963668
MW3CN22949,5,9787540963668
MW3CN22949,6,9787540963668
MW3CN22949,7,9787540963668
MW3CN22949,8,9787540963668
MW3CN22949,9,9787540963668
MW3CN22949,10,9787540963668
MW3CN22949,11,9787540963668
MW3CN22949,12,9787540963668
MW3CN22949,13,9787540963668
MW3CN22951,1,9787540971267
MW3CN22951,2,9787540971267
MW3CN22951,3,9787540971267
MW3CN22951,4,9787540971267
MW3CN22951,5,9787540971267
MW3CN22951,6,9787540971267
MW3CN22953,1,9787521100457
MW3CN22953,2,9787521100457
MW3CN22953,3,9787521100457
MW3CN22953,4,9787521100457
MW3CN22953,5,9787521100457
MW3CN22971,2,9787802538078
MW3CN22971,3,9787802539044
MW3CN22971,4,9787521100686
MW3CN22971,5,9787521101676
MW3CN22997,1,9787521100037
MW3CN22997,2,9787521100037
MW3CN23000,2,9787521100730
MW3CN23000,3,9787521100747
MW3CN2459,1,9787570000470
MW3CN2459,2,9787570000470
MW3CN2459,3,9787570000470
MW3CN2459,4,9787570000470
MW3CN2459,5,9787570000470
MW3CN2459,6,9787570000470
MW3CN2459,7,9787570000470
MW3CN2459,8,9787570000470
MW3CN2459,9,9787570000470
MW3CN2459,10,9787570000470
MW3CN2459,11,9787570000470
MW3CN2459,12,9787570000470
MW3CN2459,13,9787570000470
MW3CN2459,14,9787570000470
MW3CN2459,15,9787570000470
MW3CN2459,16,9787570000470
MW3CN2459,17,9787570000470
MW3CN2459,18,9787570000470
MW3CN2459,19,9787570000470
MW3CN2459,20,9787570000470
MW3CN2459,21,9787570000470
MW3CN2459,22,9787570000470
MW3CN2459,23,9787570000470
MW3CN2459,24,9787570000470
MW3CN2459,25,9787570000470
MW3CN2459,26,9787570000470
MW3CN2459,27,9787570000470
MW3CN2459,28,9787570000470
MW3CN2459,29,9787570000470
MW3CN2459,30,9787570000470
MW3CN2459,31,9787570000470
MW3CN2459,32,9787570000470
MW3CN2459,33,9787570000470
MW3CN2459,34,9787570000470
MW3CN2459,35,9787570000470
MW3CN2459,36,9787570000470
MW3CN2459,37,9787570000470
MW3CN2459,38,9787570000470
MW3CN2459,39,9787570000470
MW3CN2459,40,9787570000470
MW3CN2459,41,9787570000470
MW3CN2459,42,9787570000470
MW3CN2459,43,9787570000470
MW3CN2459,44,9787570000470
MW3CN2459,45,9787570000470
MW3CN2459,46,9787570000470
MW3CN2459,47,9787570000470
MW3CN2459,48,9787570000470
MW3CN2459,49,9787570000470
MW3CN2459,50,9787570000470
MW3CN2459,51,9787570000470
MW3CN2459,52,9787570000470
MW3CN2459,53,9787570000470
MW3CN25710,1,9787570002306
MW3CN25710,2,9787570002306
MW3CN25710,3,9787570002306
MW3CN25710,4,9787570002306
MW3CN25710,5,9787570002306
MW3CN25710,6,9787570002306
MW3CN25710,7,9787570002306
MW3CN25710,8,9787570002306
MW3CN25710,9,9787570002306
MW3CN25710,10,9787570002306
MW3CN25710,11,9787570002306
MW3CN25710,12,9787570002306
MW3CN25710,13,9787570002306
MW3CN25710,14,9787570002306
MW3CN25710,15,9787570002306
MW3CN25710,16,9787570002306
MW3CN25710,17,9787570002306
MW3CN25710,18,9787570002306
MW3CN25710,19,9787570002306
MW3CN25710,20,9787570002306
MW3CN25710,21,9787570002306
MW3CN25710,22,9787570002306
MW3CN25710,23,9787570002306
MW3CN25710,24,9787570002306
MW3CN25710,25,9787570002306
MW3CN25710,26,9787570002306
MW3CN25710,27,9787570002306
MW3CN25710,28,9787570002306
MW3CN25710,29,9787570002306
MW3CN25710,30,9787570002306
MW3CN25710,31,9787570002306
MW3CN25710,32,9787570002306
MW3CN25710,33,9787570002306
MW3CN25710,34,9787570002306
MW3CN25710,35,9787570002306
MW3CN25710,36,9787570002306
MW3CN25710,37,9787570002306
MW3CN25710,38,9787570002306
MW3CN25710,39,9787570002306
MW3CN25710,40,9787570002306
MW3CN25710,41,9787570002306
MW3CN25710,42,9787570002306
MW3CN25710,43,9787570002306
MW3CN25710,44,9787570002306
MW3CN25710,45,9787570002306
MW3CN25710,46,9787570002306
MW3CN25710,47,9787570002306
MW3CN25710,48,9787570002306
MW3CN25710,49,9787570002306
MW3CN25710,50,9787570002306
MW3CN25710,51,9787570002306
MW3CN25710,52,9787570002306
MW3CN25710,53,9787570002306
MW3CN25710,54,9787570002306
MW3CN25710,55,9787570002306
MW3CN25710,56,9787570002306
MW3CN25710,57,9787570002306
MW3CN25710,58,9787570002306
MW3CN25710,59,9787570002306
MW3CN25710,60,9787570002306
MW3CN25710,61,9787570002306
MW3CN25710,62,9787570002306
MW3CN25710,63,9787570002306
MW3CN25710,64,9787570002306
MW3CN25710,65,9787570002306
MW3CN25710,66,9787570002306
MW3CN25710,67,9787570002306
MW3CN25710,68,9787570002306
MW3CN25710,69,9787570002306
MW3CN25710,70,9787570002306
MW3CN25710,71,9787570002306
MW3CN25710,72,9787570002306
MW3CN25710,73,9787570002306
MW3CN25710,74,9787570002306
MW3CN25710,75,9787570002306
MW3CN25710,76,9787570002306
MW3CN25710,77,9787570002306
MW3CN25710,78,9787570002306
MW3CN25710,79,9787570002306
MW3CN25710,80,9787570002306
MW3CN25710,81,9787570002306
MW3CN25710,82,9787570002306
MW3CN25710,83,9787570002306
MW3CN25710,84,9787570002306
MW3CN25710,85,9787570002306
MW3CN25710,86,9787570002306
MW3CN25710,87,9787570002306
MW3CN25710,88,9787570002306
MW3CN25710,89,9787570002306
MW3CN25710,90,9787570002306
MW3CN25710,91,9787570002306
MW3CN25710,92,9787570002306
MW3CN25710,93,9787570002306
MW3CN25710,94,9787570002306
MW3CN25710,95,9787570002306
MW3CN25710,96,9787570002306
MW3CN25710,97,9787570002306
MW3CN25710,98,9787570002306
MW3CN25710,99,9787570002306
MW3CN25710,100,9787570002306
MW3CN25710,101,9787570002306
MW3CN25711,1,9787570003464
MW3CN25711,2,9787570003464
MW3CN25711,3,9787570003464
MW3CN25711,4,9787570003464
MW3CN25711,5,9787570003464
MW3CN25711,6,9787570003464
MW3CN25711,7,9787570003464
MW3CN25711,8,9787570003464
MW3CN25711,9,9787570003464
MW3CN25711,10,9787570003464
MW3CN25711,11,9787570003464
MW3CN25711,12,9787570003464
MW3CN25711,13,9787570003464
MW3CN25711,14,9787570003464
MW3CN26512,1,9787805899510
MW3CN26512,2,9787805899510
MW3CN27505,1,9787570003136
MW3CN27505,2,9787570003136
MW3CN27505,3,9787570003136
MW3CN27505,4,9787570003136
MW3CN27505,5,9787570003136
MW3CN27505,6,9787570003136
MW3CN27505,7,9787570003136
MW3CN27505,8,9787570003136
MW3CN27505,9,9787570003136
MW3CN27505,10,9787570003136
MW3CN27506,1,9787805891491
MW3CN27506,2,9787805891491
MW3CN27507,1,9787805898186
MW3CN27507,2,9787805898186
MW3CN27507,3,9787805898186
MW3CN27507,4,9787805898186
MW3CN27507,5,9787805898186
MW3CN27507,6,9787805898186
MW3CN3401,1,9787805896069
MW3CN3401,2,9787805896069
MW3CN3402,1,9787805896076
MW3CN3402,2,9787805896076
MW3CN3406,1,9787805896038
MW3CN3406,2,9787805896038
MW3CN3406,3,9787805896038
MW3CN3406,4,9787805896038
MW3CN3409,1,9787805898155
MW3CN3409,2,9787805898155
MW3CN3409,3,9787805898155
MW3CN3409,4,9787805898155
MW3CN3409,5,9787805898155
MW3CN3409,6,9787805898155
MW3CN3409,7,9787805898155
MW3CN3409,8,9787805898155
MW3CN3409,9,9787805898155
MW3CN3409,10,9787805898155
MW3CN3409,11,9787805898155
MW3CN3409,12,9787805898155
MW3CN3409,13,9787805898155
MW3CN3409,14,9787805898155
MW3CN3409,15,9787805898155
MW3CN3409,16,9787805898155
MW3CN3409,17,9787805898155
MW3CN3409,18,9787805898155
MW3CN3409,19,9787805898155
MW3CN3409,20,9787805898155
MW3CN3409,21,9787805898155
MW3CN3409,22,9787805898155
MW3CN3409,23,9787805898155
MW3CN3409,24,9787805898155
MW3CN3409,25,9787805898155
MW3CN3409,26,9787805898155
MW3CN3416,1,9787805896168
MW3CN3416,2,9787805896168
MW3CN3416,3,9787805896168
MW3CN3416,4,9787805896168
MW3CN3418,1,9787805898605
MW3CN3418,2,9787805898605
MW3CN3418,3,9787805898605
MW3CN3418,5,9787805898605
MW3CN3418,6,9787805898605
MW3CN3418,7,9787805898605
MW3CN3418,8,9787805898605
MW3CN3418,9,9787805898605
MW3CN3418,10,9787805898605
MW3CN3418,11,9787805898605
MW3CN3418,12,9787805898605
MW3CN3418,13,9787805898605
MW3CN3418,14,9787805898605
MW3CN3418,15,9787805898605
MW3CN3418,16,9787805898605
MW3CN3418,17,9787805898605
MW3CN3420,1,9787223036528
MW3CN3420,2,9787223036535
MW3CN471,1,9787805893983
MW3CN471,2,9787805893983
MW3CN471,3,9787805893983
MW3CN471,4,9787805893983
MW3CN471,5,9787805893983
MW3CN471,6,9787805893983
MW3CN471,7,9787805893983
MW3CN471,8,9787805893983
MW3CN471,9,9787805893983
MW3CN471,10,9787805893983
MW3CN471,11,9787805893983
MW3CN471,12,9787805893983
MW3CN4988,1,9787223045155
MW3CN4988,2,9787223045155
MW3CN5351,1,9787540952907
MW3CN5351,2,9787540952907
MW3CN5351,3,9787540952907
MW3CN5351,4,9787540952907
MW3CN5351,5,9787540952907
MW3CN5496,1,9787223047432
MW3CN5496,2,9787223047432
MW3CN5496,3,9787223047432
MW3CN5519,1,9787223027250
MW3CN5519,2,9787223027250
MW3CN5528,1,9787805897479
MW3CN5528,2,9787805897479
MW3CN5535,1,9787223033060
MW3CN5535,2,9787223033060
MW3CN6024,1,9787223049269
MW3CN6024,2,9787223049269
MW3CN6458,1,9787223032681
MW3CN6458,2,9787223032681
MW3CN6618,1,9787223049313
MW3CN6618,2,9787223049313
MW3CN6654,1,9787223038935
MW3CN6654,2,9787223038935
MW3CN6906,1,9787542027801
MW3CN6906,2,9787542027818
MW3CN6906,3,9787542027825
MW3CN7016,1,9787223036672
MW3CN7016,2,9787223036672
MW3CN7677,1,9787542026422
MW3CN7677,2,9787542026378
MW3CN7677,3,9787542026446
MW3CN7677,4,9787542026361
MW3CN7677,5,9787542026439
MW3CN7677,6,9787542026354
MW3CN7677,7,9787542026385
MW3CN7677,8,9787542026415
MW3CN7677,9,9787542026408
MW3CN7677,10,9787542026392
MW3CN7689,1,9787542026859
MW3CN7689,2,9787542026873
MW3CN7689,3,9787542026842
MW3CN7689,4,9787542026866
MW3CN7689,5,9787542026828
MW3CN7689,6,9787542026835
MW3CN7719,1,9787805898582
MW3CN7719,2,9787805898582
MW3CN7719,3,9787805898582
MW3CN7719,4,9787805898582
MW3CN7719,5,9787805898582
MW3CN7719,6,9787805898582
MW3CN7719,7,9787805898582
MW3CN7719,8,9787805898582
MW3CN7719,9,9787805898582
MW3CN7719,10,9787805898582
MW3CN7719,11,9787805898582
MW3CN7794,1,9787805898322
MW3CN7794,2,9787805898339
MW3CN7794,3,9787805898346
MW3CN8046,1,9787540960889
MW3CN8046,2,9787540960889
MW3CN8049,1,9787540960896
MW3CN8049,2,9787540960896
MW3CN8049,3,9787540960896
MW3CN8049,4,9787540960896
MW3CN8049,5,9787540960896
MW3CN8049,6,9787540960896
MW3CN8049,7,9787540960896
MW3CN8167,1,9787540948238
MW3CN8167,2,9787540948238
MW3CN8324,1,9787540935818
MW3CN8324,2,9787540935818
MW3CN8324,3,9787540935818
MW3CN8378,1,9787540937874
MW3CN8378,2,9787540937874
MW3KG161,1,9787800578724
MW3KG161,2,9787800578724
MW3KG163,1,9787521103274
MW3KG163,2,9787521103274
MW3KG163,3,9787521103274
MW3PD109,1,9787503118401
MW3PD109,2,9787503118418
MW3PD109,3,9787503118425
MW3PD109,4,9787503105593
MW3PD109,5,9787503103841
MW3PD109,6,9787503103858
MW3PD109,7,9787503118432
MW3PD109,8,9787503118449
MW3PD182,1,9787802536586
MW3PD182,2,9787802536586
MW3PD182,3,9787802536586
MW3PD182,4,9787802536586
MW3PD182,5,9787802536586
MW3PD182,6,9787802536586
MW3PD182,7,9787802536586
MW3PD182,8,9787802536586
MW3PD186,1,9787802537361
MW3PD186,2,9787802537361
MW3PD186,3,9787802537361
MW3PD186,4,9787802537361
MW3PD186,5,9787802537361
MW3PD186,6,9787802537361
MW3PD186,7,9787802537361
MW3PD186,8,9787802537361
MW3PD186,9,9787802537361
MW3PD186,10,9787802537361
MW3PD186,11,9787802537361
MW3PD186,12,9787802537361
MW3PD189,1,9787802537347
MW3PD189,2,9787802537347
MW3PD189,3,9787802537347
MW3PD189,4,9787802537347
MW3PD189,5,9787802537347
MW3PD189,6,9787802537347
MW3PD225,1,9787540953058
MW3PD225,2,9787540953058
MW3PD225,3,9787540953058
MW3PD225,4,9787540953058
MW3PD229,1,9787540949846
MW3PD229,2,9787540949846
MW3PD229,3,9787540949846
MW3PD229,4,9787540949846
MW3PD229,5,9787540949846
MW3PD229,6,9787540949846
MW3PD229,7,9787540949846
MW3PD229,8,9787540949846
MW3PD229,9,9787540949846
MW3PD229,10,9787540949846
MW3PD229,11,9787540949846
MW3PD229,12,9787540949846
MW3PD329,1,9787805892320
MW3PD329,2,9787805894942
MW3PD360,1,9787223032872
MW3PD360,2,9787223032889
MW3PD360,3,9787223039611
MW3PD394,1,9787105128501
MW3PD394,2,9787105128501
MW3PD396,1,9787105128501
MW3PD396,2,9787105128501
MW3PD398,1,9787540953133
MW3PD398,2,9787540953133
MW3PD398,3,9787540953133
MW3PD398,4,9787540953133
MW3PD398,5,9787540953133
MW3PD398,6,9787540953133
MW3PD398,7,9787540953133
MW3PD398,8,9787540953133
MW3PD398,9,9787540953133
MW3PD398,10,9787540953133
MW3PD398,11,9787540953133
MW3PD398,12,9787540953133
MW3PD398,13,9787540953133
MW3PD398,14,9787540953133
MW3PD398,15,9787540953164
MW3PD398,16,9787540953164
MW3PD398,17,9787540953164
MW3PD398,18,9787540953164
MW3PD398,19,9787540953157
MW3PD398,20,9787540953157
MW3PD398,21,9787540953157
MW3PD398,22,9787540953157
MW3PD398,23,9787540953157
MW3PD398,24,9787540953157
MW3PD398,25,9787540953157
MW3PD398,26,9787540953140
MW3PD398,27,9787540953140
MW3PD398,28,9787540953140
MW3PD398,29,9787540953140
MW3PD398,30,9787540953140
MW3PD398,31,9787540953140
MW3PD398,32,9787540953140
MW3PD401,1,9787542016515
MW3PD401,2,9787542016515
MW3PD401,3,9787542016515
MW3PD401,4,9787542016515
MW3PD401,5,9787542016515
MW3PD401,6,9787542016515
MW3PD403,1,9787540951610
MW3PD403,2,9787540951610
MW3PD405,1,9787540951610
MW3PD405,2,9787540951610
MW4CN11899,1,9787540979782
MW4CN11899,2,9787540979782
MW4CN11899,3,9787540979782
MW4CN11899,4,9787540979782
MW4CN11901,1,9787540982850
MW4CN11901,2,9787540991265
MW4CZ294732,1,9789383091393
MW4CZ294732,2,9789383091409
MW4CZ294732,3,9789383091416
MW4CZ294732,4,9789383091423
MW4CZ294736,1,9788189017491
MW4CZ294736,2,9788189017484
MW4CZ294737,1,9788189017583
MW4CZ294737,2,9788189017361
MW4CZ294737,3,9788189017378
MW4CZ295067,1,9788189017644
MW4CZ295067,2,9788189017057
MW4CZ295067,3,9788189017064
MW4CZ295927,3,9788192326368
MW4CZ295927,4,9789384244583
MW4CZ296777,1,9789383441877
MW4CZ296777,2,9789383441884
MW4CZ296777,3,9789383441891
MW4CZ296790,1,9789384244767
MW4CZ296790,2,9789384244767
MW4CZ296790,3,9789384244767
MW4CZ296790,4,9789384244767
MW4CZ332935,6,9787540928537
MW4CZ332935,7,9787540928537
MW4CZ332935,8,9787540928537
MW4CZ332941,1,9789382205159
MW4CZ332941,2,9789382205166
MW4CZ34105,1,9787105124091
MW4CZ34105,2,9787105124107
MW4CZ34105,3,9787105124114
MW4CZ34105,4,9787105124121
MW4CZ34105,5,9787105124138
MW4CZ34105,6,9787105124145
MW4CZ34105,7,9787105124152
MW4CZ34105,8,9787105124169
MW4CZ34105,9,9787105124176
MW4CZ34105,10,9787105124183
MW4CZ346644,1,9789387974203
MW4CZ346644,2,9789387974203
MW4CZ354999,1,9789387974456
MW4CZ354999,2,9789387974463
MW4CZ354999,3,9789387974470
MW4CZ355000,1,9788193790908
MW4CZ355000,2,9788193790915
MW4CZ355000,3,9788193790922
MW4CZ355000,4,9788193790946
MW4CZ355000,5,9788193790939
MW4CZ355000,6,9788193790960
MW4CZ355891,1,9781951096915
MW4CZ355891,2,9781951096915
MW4CZ364075,1,9787542147905
MW4CZ364075,2,9787542145680
MW4CZ364075,3,9787542147844
MW4CZ364075,4,9787542147899
MW4CZ364075,5,9787542147875
MW4CZ364075,6,9787542147882
MW4CZ364075,7,9787542147912
MW4CZ364076,1,9787549015924
MW4CZ364076,2,9787549015924
MW4CZ364076,3,9787549015924
MW4CZ364076,4,9787549015924
MW4CZ364076,5,9787549015924
MW4CZ364076,6,9787549015924
MW4CZ364076,7,9787549015924
MW4CZ364076,8,9787549015924
MW4CZ364076,9,9787549015924
MW4CZ364076,10,9787549015924
MW4CZ364079,1,9787865456289
MW4CZ364079,2,9787865456289
MW4CZ364081,1,9787805895994
MW4CZ364081,2,9787805895994
MW4CZ364088,1,9787540971458
MW4CZ364088,2,9787540971458
MW4CZ364088,3,9787540971458
MW4CZ364088,4,9787540971458
MW4CZ364088,5,9787540971458
MW4CZ364088,6,9787540971458
MW4CZ364088,7,9787540971458
MW4CZ364088,8,9787540971458
MW4CZ364088,9,9787540971458
MW4CZ367183,1,9787223047548
MW4CZ367183,2,9787223047548
MW4CZ368744,1,9787542020758
MW4CZ368744,2,9787542020758
MW4CZ368759,1,9787223058018
MW4CZ368759,2,9787223058018
MW4CZ368783,1,9787800575938
MW4CZ368783,2,9787800575938
MW4PD3075,1,9787542025678
MW4PD3075,2,9787542025678
MW4PD3075,3,9787542025678
MW4PD3075,4,9787542025678
MW4PD3075,5,9787542025678
MW4PD3075,6,9787542025678
MW4PD3075,7,9787542025678
MW4PD3075,8,9787542025678
MW4PD3075,9,9787542025678
MW4PD3075,10,9787542025678
MW4PD3075,11,9787542025678
MW4PD3075,12,9787542025678
MW4PD3075,13,9787542025678
MW4PD3075,14,9787542025678
MW4PD3075,15,9787542025678
MW4PD3075,16,9787542025678
MW4PD3075,17,9787542025678
MW4PD3075,18,9787542025678
MW4PD3075,19,9787542025678
MW4PD3075,20,9787542025678
MW4PD3075,21,9787542025678
MW4PD3075,22,9787542025678
MW4PD3075,23,9787542025678
MW4PD3075,24,9787542025678
MW4PD3075,25,9787542025678
MW4PD3075,26,9787542025678
MW4PD3075,27,9787542025678
MW4PD3075,28,9787542025678
MW4PD3075,29,9787542025678
MW4PD3075,30,9787542025678
MW4PD3075,31,9787542025661
MW8CZ261,1,9787805892542
MW8CZ261,2,9787805892542
MW8CZ261,3,9787805892542
MW8CZ261,4,9787805892542
MW8CZ261,5,9787805892542
MW8CZ261,6,9787805892542
MW8CZ261,7,9787805892542
MW8CZ261,8,9787805892542
MW8CZ261,9,9787805892542
MW8CZ261,10,9787805892542
MW8CZ261,11,9787805892542
MW8CZ261,12,9787805892542
MW8CZ261,13,9787805892542
MW8CZ261,14,9787805892542
MW8CZ261,15,9787805892542
MW8CZ261,16,9787805892542
MW8CZ261,17,9787805892542
MW8CZ261,18,9787805892542
MW8CZ261,19,9787805892542
MW8CZ261,20,9787805892542
MW8CZ261,21,9787805892542
MW8CZ261,22,9787805892542
MW8CZ261,23,9787805892542
MW8CZ261,24,9787805892542
MW8CZ261,25,9787805892542
MW8CZ261,26,9787805892542
MW8CZ261,36,9787805892542
MW8CZ261,37,9787805892542
MW8CZ261,38,9787805892542
MW8CZ261,39,9787805892542
MW8CZ261,40,9787805892542
MW8LS18012,1,9789380282398
MW8LS18012,2,9789380282411
MW8LS18012,3,9789380282435
MW8LS20236,1,9787802538092
MW8LS20236,2,9787802538108
MW8LS20236,3,9787802538115
MW8LS20236,4,9787802538122
MW8LS20236,5,9787802538139
MW8LS20236,6,9787802538146
MW8LS20236,7,9787802538153
MW8LS20236,8,9787802538160
MW8LS20236,9,9787802538177
MW8LS20421,1,9787805890760
MW8LS20421,2,9787805890760
MW8LS20421,3,9787805890784
MW8LS20429,1,9787542106988
MW8LS20429,2,9787542106988
MW8LS20454,1,9787542116536
MW8LS20454,2,9787542114013
MW8LS20454,3,9787542117878
MW8LS20594,1,9787540960308
MW8LS20594,2,9787540960322
MW8LS20594,3,9787540960339
MW8LS20594,4,9787540960315
MW8LS20600,1,9787540945008
MW8LS20600,2,9787540943493
MW8LS20699,1,9787540949174
MW8LS20699,2,9787540950484
MW8LS36351,1,9788192641133
MW8LS36351,2,9788192641126
MW8LS36351,3,9788192641119
MW8LS36351,4,9788192641102
MW8LS36356,1,9788190481007
MW8LS36356,2,9788190481014
MW8LS36356,3,9788190481021
MW8LS42293,1,9787542026026
MW8LS42293,2,9787542026033
MW8LS42293,3,9787542026040
MW8LS42293,4,9787542026057
MW8LS42293,5,9787542026064
MW8LS66264,1,9788193581223
MW8LS66264,2,9788193581230
MW8LS66423,1,9787540964887
MW8LS66423,2,9787540964887
MW8LS66424,1,9789384244934
MW8LS66424,2,9789384244934
MW8LS66424,3,9789384244934
MW8LS66424,4,9789384244934
MW8LS66424,5,9789384244934
MW8LS66424,6,9789384244934
MW8LS66424,7,9789384244934
MW8LS66424,8,9789384244934
MW8LS66424,9,9789384244934
MW8LS66424,10,9789384244934
MW8LS66424,11,9789384244934
MW8LS66424,12,9789384244934
MW8LS66512,1,9789380359267
MW8LS66512,2,9789380359267
MW8LS66512,3,9789380359359
MW8LS66790,1,9787223053822
MW8LS66790,2,9787223053822
MW8LS66791,1,9787223009317
MW8LS66791,2,9787223009317
MW8LS67728,1,9787540974381
MW8LS67728,2,9787540974381
MW8LS67728,3,9787540974381
MW8LS73566,1,9789579764216
MW8LS73566,2,9789579764223
MW8LS73722,1,9787566016188
MW8LS73722,2,9787566016195
MW8LS73722,3,9787566016201
MW8LS73722,4,9787566016218
MW8LS73722,5,9787566016225
MW8LS73722,6,9787566016232
MW8LS73722,7,9787566016249
MW8LS73722,8,9787566016256
MW8LS73722,9,9787566016263
MW8LS73765,1,9789881263230
MW8LS73765,2,9789881263230
MW8LS73765,3,9789881263230
MW8LS73765,4,9789881263230
MW8LS73765,5,9789881263230
MW8LS73765,6,9789881263230
MW8LS73765,7,9789881263230
MW8LS73765,8,9789881263230
MW8LS73765,9,9789881263230
MW8LS73765,10,9789881263230
MW8LS73765,11,9789881263247
MW8LS73765,12,9789881263247
MW8LS73765,13,9789881263247
MW8LS73765,14,9789881263247
MW8LS73765,15,9789881263247
MW8LS73765,16,9789881263247
MW8LS73765,17,9789881263247
MW8LS73765,18,9789881263247
MW8LS73765,19,9789881263247
MW8LS73765,20,9789881263247
MW8LS75669,1,9787542408501
MW8LS75669,2,9787542408501
MW8LS75669,3,9787542408501
MW8LS75669,4,9787542408501
MW8LS75669,5,9787542408501
MW8LS75669,6,9787542408501
MW8LS75693,1,9787865456289
MW8LS75693,2,9787865456289
MW8LS75693,3,9787865456289
MW8LS75732,1,9787542033024
MW8LS75732,2,9787542033031
MW8LS75732,3,9787542033215
MW8LS75732,4,9787542033048
MW8LS75732,5,9787542033062
MW8LS75732,6,9787542033055
MW8LS75732,7,9787542033079
MW8LS75732,8,9787542033086
MW8LS75732,9,9787542033093
MW8LS75732,10,9787542033109
MW8LS75732,11,9787542033116
MW8LS75732,12,9787542033123
MW8LS75732,13,9787542033130
MW8LS75732,14,9787542033147
MW8LS75732,15,9787542033154
MW8LS75732,16,9787542033161
MW8LS75732,17,9787542033178
MW8LS75732,18,9787542033185
MW8LS75732,19,9787542033192
MW8LS75732,20,9787542033208
MW8LS75961,1,9787542036568
MW8LS75961,2,9787542036568
MW8LS75996,1,9787542034656
MW8LS75996,2,9787542034632
MW8LS75996,3,9787542034601
MW8LS75996,4,9787542034625
MW8LS75996,5,9787542034670
MW8LS75996,6,9787542034687
MW8LS75996,7,9787542034618
MW8LS75996,8,9787542034663
MW8LS75996,9,9787542034694
MW8LS75996,10,9787542034649
MW8LS76008,1,9787542033383
MW8LS76008,2,9787542033390
MW8LS76026,1,9787542035585
MW8LS76026,2,9787542035554
MW8LS76026,3,9787542035561
MW8LS76026,4,9787542035660
MW8LS76026,5,9787542035578
MW8LS76026,6,9787542035653
MW8LS76039,1,9787542035738
MW8LS76039,2,9787542036612
MW8LS76039,3,9787542036605
MW8LS76039,4,9787542036629
MW8LS76039,5,9787542036599
MW8LS76052,1,9787542035639
MW8LS76052,2,9787542035639
MW8LS76052,3,9787542035639
MW8LS76057,1,9787542035974
MW8LS76057,2,9787542035967
MW8LS76057,3,9787542036155
MW8LS76148,1,9789888656134
MW8LS76148,2,9789888656134
MW8LS76343,1,9787542036919
MW8LS76343,2,9787542036926
MW8LS76343,3,9787542036933
MW8LS76348,1,9787542037008
MW8LS76348,2,9787542037015
MW8LS76348,3,9787542037022
MW8LS76353,1,9787542037039
MW8LS76353,2,9787542037039
MW8LS76353,3,9787542037039
MW8LS76353,4,9787542037039
MW8LS76382,1,9787542037251
MW8LS76382,2,9787542037251
MW8LS76382,3,9787542037251
MW8LS76382,4,9787542037251
