MW00EGS1017555,1,9787105080120
MW00EGS1017555,2,?
MW00EGS1017555,3,9787105080120
MW00KG08443,1,9787105074037
MW00KG08443,2,9787105081400
MW00KG08443,3,9787105091461
MW00KG08443,4,?
MW00KG08443,5,?
MW18123,1,9787105027781
MW18123,2,9787105027798
MW18123,3,9787105027804
MW18123,4,?
MW18123,5,?
MW18123,6,?
MW1AC16,1,9787223047531
MW1AC16,2,?
MW1AC16,3,?
MW1AC16,4,?
MW1AC16,5,?
MW1AC16,6,?
MW1AC16,7,?
MW1AC16,8,?
MW1AC245,1,?
MW1AC245,2,?
MW1AC245,3,9787105132683
MW1AC309,1,?
MW1AC309,2,?
MW1AC309,3,?
MW1AC309,4,?
MW1AC309,5,9787802536791
MW1AC309,6,?
MW1AC309,7,?
MW1AC309,8,?
MW1AC309,9,?
MW1AC309,10,?
MW1AC309,11,?
MW1AC309,12,?
MW1AC309,13,9787802536791
MW1AC309,14,9787802536791
MW1AC309,15,9787802536791
MW1AC309,16,?
MW1AC309,17,9787802536791
MW1AC309,18,9787802536791
MW1AC309,19,?
MW1AC313,1,?
MW1AC313,2,9787105129065
MW1AC314,1,?
MW1AC314,2,9787105128143
MW1AC374,1,9787802534377
MW1AC374,2,9787802534377
MW1AC374,3,?
MW1AC374,4,9787802534377
MW1AC374,5,9787802534377
MW1AC374,6,9787802534377
MW1AC374,7,9787802534377
MW1AC374,8,9787802534377
MW1AC374,9,9787802534377
MW1AC374,10,?
MW1AC374,11,9787802534377
MW1AC374,12,9787802534377
MW1AC374,13,9787802534377
MW1AC399,1,?
MW1AC399,2,?
MW1AC399,3,9771672686052
MW1AC399,4,9771672686052
MW1AC399,5,9771672686052
MW1AC399,6,9771672686045
MW1AC399,7,9771672686045
MW1AC399,8,9771672686045
MW1AC399,9,9771672686045
MW1AC399,10,9771672686045
MW1AC399,11,9771672686045
MW1AC399,12,9771672686045
MW1AC399,13,9771672686045
MW1AC399,14,9771674924107
MW1AC399,15,9771674924107
MW1AC399,16,9771674924107
MW1AC399,17,9771674924107
MW1AC399,18,?
MW1AC399,19,9771674924121
MW1AC399,20,9771674924121
MW1AC399,21,?
MW1AC432,1,?
MW1AC432,2,9787542126450
MW1KG109094,1,?
MW1KG109094,2,9787542115966
MW1KG12589,1,?
MW1KG12589,2,?
MW1KG12589,3,?
MW1KG12589,4,?
MW1KG12589,5,?
MW1KG12589,6,?
MW1KG12589,7,?
MW1KG12589,8,?
MW1KG12589,9,?
MW1KG12589,10,9787540937614
MW1KG12589,11,?
MW1KG14303,1,9787802533271
MW1KG14303,2,9787802533271
MW1KG14303,3,9787802533271
MW1KG14303,4,9787802533271
MW1KG14303,5,9787802533271
MW1KG14303,6,9787802533271
MW1KG14303,7,?
MW1KG14464,1,?
MW1KG14464,2,?
MW1KG14464,3,?
MW1KG14464,4,?
MW1KG14464,5,9788190643719
MW1KG14464,6,9788190643702
MW1KG14464,7,?
MW1KG14464,8,?
MW1KG14464,29,?
MW1KG14529,2,?
MW1KG14529,3,9789624508611
MW1KG14529,4,?
MW1KG14529,5,9789624508611
MW1KG14783,1,?
MW1KG14783,2,?
MW1KG14783,3,?
MW1KG14783,4,?
MW1KG14783,5,?
MW1KG14783,6,?
MW1KG14783,7,?
MW1KG14783,8,?
MW1KG14783,9,?
MW1KG14783,10,?
MW1KG14783,11,?
MW1KG14783,12,?
MW1KG14783,13,?
MW1KG14783,14,?
MW1KG14783,15,?
MW1KG14783,16,?
MW1KG14783,17,?
MW1KG14783,18,?
MW1KG14783,19,9787105104123
MW1KG14783,20,?
MW1KG14783,21,?
MW1KG14783,22,?
MW1KG14783,23,?
MW1KG14783,24,?
MW1KG14783,25,9787105104123
MW1KG14783,26,?
MW1KG14783,27,?
MW1KG14783,28,?
MW1KG14783,29,?
MW1KG14783,30,?
MW1KG14783,31,?
MW1KG14783,32,?
MW1KG14783,33,?
MW1KG14783,34,?
MW1KG14783,35,?
MW1KG14783,36,?
MW1KG14783,37,?
MW1KG14783,38,?
MW1KG14783,39,?
MW1KG14783,40,?
MW1KG14783,41,?
MW1KG14783,42,?
MW1KG14783,43,?
MW1KG14783,44,?
MW1KG14783,45,?
MW1KG14783,46,?
MW1KG14783,47,?
MW1KG14783,48,?
MW1KG14783,49,?
MW1KG14783,50,?
MW1KG14783,51,?
MW1KG14783,52,?
MW1KG14783,53,?
MW1KG14783,54,?
MW1KG14783,55,?
MW1KG14783,56,?
MW1KG14783,57,?
MW1KG14783,58,?
MW1KG14783,59,?
MW1KG14896,1,?
MW1KG14896,2,?
MW1KG14896,3,?
MW1KG14896,4,?
MW1KG14896,5,?
MW1KG14896,6,0018000007820
MW1KG14896,7,?
MW1KG14896,8,?
MW1KG14896,9,?
MW1KG14896,10,?
MW1KG14896,11,?
MW1KG14896,12,?
MW1KG15080,1,9771005500000
MW1KG15080,2,9771005500000
MW1KG15080,3,9771005500000
MW1KG15080,4,9771005500000
MW1KG15080,5,9771005500000
MW1KG15080,6,9771005500000
MW1KG15080,7,9771005500000
MW1KG15080,8,9771005500000
MW1KG15080,34,?
MW1KG16581,1,9787542122001
MW1KG16581,2,9787542121943
MW1KG16581,3,?
MW1KG16581,4,9787542122025
MW1KG16581,5,9787542121998
MW1KG16581,6,9787542121950
MW1KG16581,7,9787542121981
MW1KG16581,8,9787542121967
MW1KG16581,9,?
MW1KG16581,10,9787542121974
MW1KG16581,11,?
MW1KG16581,12,9787542122018
MW1KG16648,1,9787805892795
MW1KG16648,2,9787805892795
MW1KG16648,3,9787805892795
MW1KG16648,4,9787805892795
MW1KG16648,5,9787805892795
MW1KG16648,6,9787805892795
MW1KG16648,7,?
MW1KG16648,8,9787805892795
MW1KG16648,9,9787805892795
MW1KG16648,10,9787805892795
MW1KG16649,1,9787805894027
MW1KG16649,2,9787805894027
MW1KG16649,3,9787805894027
MW1KG16649,4,9787805894027
MW1KG16649,5,9787805894027
MW1KG16649,6,9787805894027
MW1KG16649,7,9787805894027
MW1KG16649,8,9787805894027
MW1KG16649,9,9787805894027
MW1KG16649,10,9787805894027
MW1KG16649,11,9787805894027
MW1KG16649,12,9787805894027
MW1KG16649,13,9787805894027
MW1KG16649,14,9787805894027
MW1KG16649,15,9787805894027
MW1KG16649,16,?
MW1KG16655,1,9787802534360
MW1KG16655,2,9787802534360
MW1KG16655,3,9787802534360
MW1KG16655,4,9787802534360
MW1KG16655,5,9787802534360
MW1KG16655,6,9787802534360
MW1KG16655,7,9787802534360
MW1KG16655,8,?
MW1KG16655,9,9787802534360
MW1KG16655,10,9787802534360
MW1KG16655,11,9787802534360
MW1KG16655,12,9787802534360
MW1KG16655,13,9787802534360
MW1KG16655,14,9787802534360
MW1KG16655,15,9787802534360
MW1KG16655,16,9787802534360
MW1KG16655,17,9787802534360
MW1KG16655,18,9787802534360
MW1KG16655,19,9787802534360
MW1KG16655,20,9787802534360
MW1KG16655,21,9787802534360
MW1KG16655,22,9787802534360
MW1KG16655,23,9787802534360
MW1KG16655,24,9787802534360
MW1KG16655,25,9787802534360
MW1KG16655,26,9787802534360
MW1KG16655,27,9787802534360
MW1KG16655,28,9787802534360
MW1KG16655,29,9787802534360
MW1KG16655,30,9787802534360
MW1KG16655,31,9787802534360
MW1KG16655,32,9787802534360
MW1KG17437,1,9788190864312
MW1KG17437,2,9788190864329
MW1KG17437,3,9788190864312
MW1KG17437,4,9788190864565
MW1KG17437,5,9788190864459
MW1KG17437,7,?
MW1KG17437,8,9788190864893
MW1KG17437,9,9788190864893
MW1KG17437,10,9788190864459
MW1KG17437,11,9788190864480
MW1KG17437,12,9788190864459
MW1KG17437,13,9788190864480
MW1KG17437,14,9788190864459
MW1KG17437,16,?
MW1KG17437,17,?
MW1KG17437,21,?
MW1KG17437,22,?
MW1KG17437,23,?
MW1KG17437,24,?
MW1KG17437,25,?
MW1KG17437,28,?
MW1KG17437,29,9783161484100
MW1KG17437,30,?
MW1KG17437,58,?
MW1KG17609,1,?
MW1KG17609,2,9788186227640
MW1KG18425,1,9789383068104
MW1KG18425,4,?
MW1KG18425,33,?
MW1KG23267,1,"0022710000057, 9787105116300"
MW1KG23267,2,?
MW1KG23267,3,?
MW1KG23267,4,?
MW1KG23267,5,?
MW1KG23267,6,?
MW1KG23267,7,?
MW1KG23267,8,?
MW1KG23267,9,?
MW1KG23267,10,?
MW1KG23267,11,?
MW1KG23267,12,?
MW1KG23267,13,?
MW1KG23267,14,?
MW1KG23267,15,?
MW1KG23267,16,?
MW1KG23267,17,?
MW1KG23267,18,?
MW1KG23267,19,?
MW1KG23267,20,?
MW1KG23267,21,?
MW1KG23267,22,?
MW1KG23267,23,?
MW1KG23267,24,?
MW1KG23267,25,?
MW1KG23267,26,?
MW1KG23267,27,?
MW1KG23267,28,?
MW1KG23267,29,?
MW1KG23267,30,?
MW1KG23267,31,?
MW1KG23267,32,?
MW1KG23267,33,?
MW1KG23267,34,?
MW1KG23267,35,?
MW1KG23267,36,?
MW1KG23267,37,?
MW1KG23267,38,?
MW1KG23267,39,?
MW1KG23267,40,?
MW1KG23267,41,?
MW1KG23267,42,?
MW1KG23267,43,?
MW1KG23267,44,?
MW1KG23267,45,?
MW1KG23267,46,?
MW1KG23267,47,?
MW1KG23267,48,?
MW1KG23267,49,?
MW1KG23267,50,?
MW1KG23267,51,?
MW1KG23267,52,?
MW1KG23267,53,?
MW1KG23267,54,?
MW1KG23267,55,?
MW1KG23267,56,?
MW1KG23267,57,?
MW1KG23267,58,?
MW1KG23267,59,?
MW1KG23267,60,?
MW1KG24311,1,9789383091270
MW1KG24311,2,9789383091270
MW1KG24311,3,9789383091270
MW1KG24311,4,9789383091270
MW1KG24311,5,9789383091270
MW1KG24311,6,9789383091270
MW1KG24311,7,9789383091270
MW1KG24311,8,9789383091270
MW1KG24311,9,9789383091270
MW1KG24311,10,9789383091270
MW1KG24311,11,9789383091270
MW1KG24311,12,9789383091270
MW1KG24311,13,9789383091270
MW1KG24311,14,9789383091270
MW1KG24311,15,9789383091270
MW1KG24311,16,9789383091270
MW1KG24311,17,9789383091270
MW1KG24311,18,9789383091270
MW1KG24311,19,9789383091270
MW1KG24311,20,9789383091270
MW1KG24311,21,9789383091270
MW1KG24311,22,9789383091270
MW1KG24311,23,9789383091270
MW1KG24311,24,9789383091270
MW1KG24311,25,9789383091270
MW1KG24311,26,9789383091270
MW1KG24311,27,9789383091270
MW1KG24311,28,9789383091270
MW1KG24311,29,9789383091270
MW1KG24311,30,9789383091270
MW1KG24311,31,9789383091270
MW1KG24311,32,9789383091270
MW1KG24311,33,9789383091270
MW1KG24311,34,9789383091270
MW1KG24311,35,9789383091270
MW1KG24311,36,9789383091270
MW1KG24311,37,9789383091270
MW1KG24311,38,9789383091270
MW1KG24311,39,9789383091270
MW1KG24311,40,9789383091270
MW1KG24311,41,9789383091270
MW1KG24311,42,9789383091270
MW1KG24311,43,9789383091270
MW1KG24311,44,9789383091270
MW1KG24311,45,9789383091270
MW1KG24311,46,?
MW1KG24311,47,9789383091270
MW1KG24311,48,9789383091270
MW1KG24311,49,9789383091270
MW1KG24311,50,9789383091270
MW1KG24311,51,9789383091270
MW1KG24311,52,9789383091270
MW1KG24311,53,9789383091270
MW1KG24311,54,9789383091270
MW1KG24311,55,9789383091270
MW1KG24311,56,9789383091270
MW1KG24311,57,9789383091270
MW1KG24311,58,9789383091270
MW1KG24311,59,9789383091270
MW1KG24311,60,9789383091270
MW1KG24311,61,9789383091270
MW1KG24311,62,9789383091270
MW1KG24311,63,9789383091270
MW1KG24311,64,9789383091270
MW1KG24311,65,9789383091270
MW1KG24311,66,9789383091270
MW1KG24311,67,9789383091270
MW1KG24311,68,9789383091270
MW1KG24311,69,9789383091270
MW1KG24311,70,9789383091270
MW1KG24311,71,9789383091270
MW1KG24311,72,9789383091270
MW1KG24311,73,9789383091270
MW1KG24311,74,9789383091270
MW1KG24311,75,9789383091270
MW1KG24311,76,9789383091270
MW1KG24311,77,9789383091270
MW1KG24311,78,9789383091270
MW1KG24311,79,9789383091270
MW1KG24311,80,9789383091270
MW1KG24460,1,?
MW1KG24460,3,9788679912077
MW1KG24460,4,9788679912077
MW1KG24460,7,?
MW1KG24762,1,?
MW1KG24762,2,?
MW1KG24762,3,9787105132683
MW1KG24809,1,?
MW1KG24809,2,?
MW1KG24809,3,9787105138050
MW1KG24889,1,?
MW1KG24889,2,?
MW1KG24889,3,?
MW1KG24889,4,?
MW1KG24889,5,?
MW1KG24889,6,?
MW1KG24889,7,?
MW1KG24889,8,9787105131594
MW1KG24899,1,?
MW1KG24899,2,9787105128136
MW1KG24977,1,?
MW1KG24977,2,?
MW1KG24977,3,?
MW1KG24977,4,9781105702181
MW1KG24977,5,?
MW1KG24977,7,?
MW1KG25001,2,?
MW1KG25001,3,9787105138975
MW1KG26102,1,?
MW1KG26102,2,9788190244817
MW1KG26102,3,9788190244824
MW1KG26102,4,9788190244831
MW1KG26102,5,9788190244848
MW1KG6202,16,?
MW1KG6202,79,?
MW1KG6202,80,9788186230718
MW1KG6202,81,9788186230718
MW1KG6202,82,9788186230718
MW1PD100944,1,9787540942113
MW1PD100944,2,9787540942113
MW1PD100944,3,9787540942113
MW1PD100944,4,9787540942113
MW1PD100944,5,9787540942113
MW1PD100944,6,9787540942113
MW1PD100944,7,9787540942113
MW1PD100944,8,9787540942113
MW1PD100944,9,9787540942113
MW1PD100944,10,9787540942113
MW1PD100944,11,9787540942113
MW1PD100944,12,9787540942113
MW1PD100944,13,9787540942113
MW1PD100944,14,9787540942113
MW1PD100944,15,9787540942113
MW1PD100944,16,9787540942113
MW1PD100944,17,9787540942113
MW1PD100944,18,9787540942113
MW1PD100944,19,9787540942113
MW1PD100944,20,9787540942113
MW1PD100944,21,9787540942113
MW1PD100944,22,9787540942113
MW1PD100944,23,9787540942113
MW1PD100944,24,9787540942113
MW1PD100944,25,9787540942113
MW1PD100944,26,9787540942113
MW1PD100944,27,9787540942113
MW1PD100944,28,9787540942113
MW1PD100944,29,9787540942113
MW1PD100944,30,9787540942113
MW1PD100944,31,9787540942113
MW1PD100944,32,9787540942113
MW1PD100944,33,?
MW1PD100944,34,9787540942113
MW1PD100944,35,9787540942113
MW1PD100944,36,9787540942113
MW1PD100944,37,9787540942113
MW1PD100944,38,9787540942113
MW1PD100944,39,9787540942113
MW1PD100944,40,9787540942113
MW1PD100944,41,9787540942113
MW1PD100944,42,9787540942113
MW1PD100944,43,9787540942113
MW1PD100944,44,9787540942113
MW1PD100944,45,9787540942113
MW1PD100944,46,9787540942113
MW1PD100944,47,9787540942113
MW1PD100944,48,9787540942113
MW1PD100944,49,9787540942113
MW1PD100944,50,9787540942113
MW1PD100944,51,9787540942113
MW1PD100944,52,9787540942113
MW1PD100944,53,9787540942113
MW1PD100944,54,9787540942113
MW1PD100944,55,9787540942113
MW1PD100944,56,9787540942113
MW1PD100944,57,9787540942113
MW1PD100944,58,9787540942113
MW1PD100944,59,9787540942113
MW1PD100944,60,9787540942113
MW1PD100944,61,9787540942113
MW1PD100944,62,9787540942113
MW1PD100944,63,9787540942113
MW1PD100944,64,9787540942113
MW1PD100944,65,9787540942113
MW1PD100944,66,9787540942113
MW1PD100944,67,9787540942113
MW1PD100944,68,9787540942113
MW1PD100944,69,9787540942113
MW1PD100944,70,9787540942113
MW1PD100944,71,9787540942113
MW1PD100944,72,9787540942113
MW1PD100944,73,9787540942113
MW1PD100944,74,9787540942113
MW1PD100944,75,9787540942113
MW1PD100944,76,?
MW1PD100944,77,9787540942113
MW1PD100944,78,9787540942113
MW1PD100944,79,9787540942113
MW1PD100944,80,9787540942113
MW1PD100944,81,9787540942113
MW1PD100944,82,9787540942113
MW1PD100944,83,9787540942113
MW1PD100944,84,9787540942113
MW1PD100944,85,9787540942113
MW1PD100944,86,9787540942113
MW1PD100944,87,9787540942113
MW1PD100944,88,9787540942113
MW1PD100944,89,9787540942113
MW1PD100944,90,9787540942113
MW1PD100944,91,9787540942113
MW1PD100944,92,9787540942113
MW1PD100944,93,9787540942113
MW1PD100944,94,9787540942113
MW1PD100944,95,9787540942113
MW1PD100944,96,9787540942113
MW1PD100944,97,9787540942113
MW1PD100944,98,9787540942113
MW1PD100944,99,9787540942113
MW1PD100944,100,9787540942113
MW1PD100944,101,9787540942113
MW1PD100944,102,9787540942113
MW1PD100944,103,9787540942113
MW1PD100944,104,9787540942113
MW1PD100944,105,9787540942113
MW1PD100944,106,9787540942113
MW1PD100944,107,9787540942113
MW1PD100944,108,9787540942113
MW1PD100944,109,9787540942113
MW1PD100944,110,9787540942113
MW1PD100944,111,9787540942113
MW1PD100944,112,9787540942113
MW1PD100944,113,9787540942113
MW1PD100944,114,9787540942113
MW1PD100944,115,9787540942113
MW1PD100944,116,9787540942113
MW1PD100944,117,9787540942113
MW1PD100944,118,9787540942113
MW1PD100944,119,9787540942113
MW1PD100944,120,9787540942113
MW1PD100944,121,9787540942113
MW1PD100944,122,9787540942113
MW1PD100944,123,9787540942113
MW1PD100944,124,9787540942113
MW1PD100944,125,9787540942113
MW1PD100944,126,9787540942113
MW1PD100944,127,9787540942113
MW1PD100944,128,9787540942113
MW1PD100944,129,9787540942113
MW1PD100944,130,9787540942113
MW1PD100944,131,9787540942113
MW1PD100944,132,9787540942113
MW1PD100944,133,9787540942113
MW1PD105864,1,?
MW1PD105864,2,9787223027281
MW1PD105864,3,9787223027274
MW1PD133171,1,?
MW1PD133171,2,?
MW1PD133171,3,?
MW1PD133171,4,?
MW1PD133171,5,?
MW1PD133171,6,?
MW1PD133171,7,9787105116034
MW1PD137835,1,9787540944018
MW1PD137835,2,?
MW1PD137886,1,?
MW1PD137886,2,9787802532656
MW1PD152291,1,9787802533691
MW1PD152291,2,9787802533691
MW1PD152291,3,9787802533691
MW1PD152291,4,9787802533691
MW1PD152291,5,9787802533691
MW1PD152291,6,?
MW1PD152291,7,9787802533691
MW1PD152291,8,9787802533691
MW1PD152291,9,9787802533691
MW1PD152291,10,?
MW1PD152291,11,9787802533691
MW1PD152291,12,9787802533691
MW1PD152291,13,9787802533691
MW1PD152291,14,9787802533691
MW1PD152291,15,9787802533691
MW1PD152291,16,9787802533691
MW1PD152291,17,?
MW1PD152291,18,?
MW1PD152294,1,?
MW1PD152294,2,9787105120666
MW1PD159104,1,?
MW1PD159104,2,9787802535282
MW1PD159104,3,9787802535282
MW1PD159104,4,9787802535282
MW1PD159104,5,9787802535282
MW1PD159104,6,9787802535282
MW1PD159104,7,9787802535282
MW1PD159104,8,9787802535282
MW1PD159104,9,?
MW1PD159104,10,9787802535282
MW1PD159104,11,9787802535282
MW1PD159104,12,9787802535282
MW1PD159104,13,9787802535282
MW1PD159104,14,9787802535282
MW1PD159104,15,9787802535282
MW1PD159104,16,9787802535282
MW1PD95727,1,?
MW1PD95727,2,9787105057474
MW1PD95727,3,9787105076208
MW1PD95727,4,9787105053889
MW1PD95727,5,?
MW1PD95727,6,9787105057498
MW1PD95727,7,9787105076215
MW1PD95727,8,9787105076222
MW1PD95727,9,9787105076239
MW1PD95727,10,9787105076246
MW1PD95844,1,9787800571282
MW1PD95844,2,9787800572166
MW1PD95844,3,9787800572180
MW1PD95844,4,9787800572203
MW1PD95844,5,9787800572210
MW1PD95844,6,9787800572340
MW1PD95844,7,9787800572364
MW1PD95844,8,9787800572388
MW1PD95844,9,9787800572401
MW1PD95844,10,9787800572425
MW1PD95844,11,9787800572500
MW1PD95844,12,9787800572524
MW1PD95844,13,9787800572548
MW1PD95844,14,9787800572555
MW1PD95844,15,9787800572586
MW1PD95844,16,9787800572609
MW1PD95844,17,9787800572623
MW1PD95844,18,9787800572647
MW1PD95844,19,9787800572661
MW1PD95844,20,9787800572685
MW1PD95844,21,9787800573385
MW1PD95844,22,9787800573408
MW1PD95844,23,9787800573415
MW1PD95844,24,9787800573422
MW1PD95844,25,9787800573439
MW1PD95844,26,9787800573446
MW1PD95844,27,9787800573453
MW1PD95844,28,9787800573460
MW1PD95844,29,9787800573477
MW1PD95844,30,9787800573484
MW1PD95844,31,9787800573491
MW1PD95844,32,9787800573507
MW1PD95844,33,9787800573514
MW1PD95844,34,9787800573521
MW1PD95844,35,9787800573538
MW1PD95844,36,9787800573545
MW1PD95844,37,9787800573552
MW1PD95844,38,9787800573569
MW1PD95844,39,9787800573576
MW1PD95844,40,9787800573583
MW1PD95844,41,9787800573590
MW1PD95844,42,9787800573606
MW1PD95844,43,9787800573088
MW1PD95844,44,9787800573095
MW1PD95844,45,9787800573101
MW1PD95844,46,9787800573118
MW1PD95844,47,9787800573125
MW1PD95844,48,9787800573132
MW1PD95844,49,9787800573149
MW1PD95844,50,9787800573156
MW1PD95844,51,9787800573781
MW1PD95844,52,9787800573736
MW1PD95844,53,?
MW1PD95844,54,9787800574139
MW1PD95844,55,9787800574146
MW1PD95844,56,9787800574153
MW1PD95844,57,9787800574160
MW1PD95844,58,9787800574177
MW1PD95844,59,9787800574184
MW1PD95844,60,9787800573743
MW1PD95844,61,9787800574108
MW1PD95844,62,9787800574115
MW1PD95844,63,9787800574191
MW1PD95844,64,9787800574214
MW1PD95844,65,9787800574221
MW1PD95844,66,9787800574238
MW1PD95844,67,9787800574252
MW1PD95844,68,9787800574269
MW1PD95844,69,9787800574276
MW1PD95844,70,9787800574283
MW1PD95844,71,9787800574672
MW1PD95844,72,9787800574689
MW1PD95844,73,9787800574696
MW1PD95844,74,9787800574702
MW1PD95844,75,9787800574719
MW1PD95844,76,9787800574726
MW1PD95844,77,9787800574733
MW1PD95844,78,9787800574740
MW1PD95844,79,9787800574757
MW1PD95844,80,9787800574764
MW1PD95844,81,9787800575044
MW1PD95844,82,9787800575051
MW1PD95844,83,9787800575068
MW1PD95844,84,9787800575075
MW1PD95844,85,9787800575082
MW1PD95844,86,9787800574771
MW1PD95844,87,9787800574788
MW1PD95844,88,9787800574795
MW1PD95844,89,9787800574801
MW1PD95844,90,9787800575259
MW1PD95844,91,9787800575266
MW1PD95844,92,9787800575273
MW1PD95844,93,9787800575280
MW1PD95844,94,9787800575297
MW1PD95844,95,9787800575303
MW1PD95844,96,9787800575310
MW1PD95844,97,9787800575327
MW1PD95844,98,9787800575334
MW1PD95844,99,9787800575341
MW1PD95844,100,9787800575358
MW1PD95844,101,9787800575877
MW1PD95844,102,9787800575884
MW1PD95844,103,9787800575891
MW1PD95844,104,9787800575907
MW1PD95844,105,9787800575914
MW1PD95844,106,9787800575921
MW1PD95844,107,9787800575938
MW1PD95844,108,9787800575945
MW1PD95844,109,9787800575952
MW1PD95844,110,9787800575969
MW1PD95844,111,9787800576294
MW1PD95844,112,9787800576300
MW1PD95844,113,9787800576317
MW1PD95844,114,9787800576324
MW1PD95844,115,9787800576331
MW1PD95844,116,9787800576348
MW1PD95844,117,9787800576355
MW1PD95844,118,9787800576362
MW1PD95844,119,9787800576379
MW1PD95844,120,9787800576386
MW1PD96682,1,9787800576140
MW1PD96682,2,9787800576157
MW1PD96682,3,9787800576164
MW1PD96682,4,9787800576195
MW1PD96682,5,9787800576201
MW1PD96682,6,9787800576232
MW1PD96682,7,9787800576256
MW1PD96682,8,9787800576263
MW1PD96682,9,9787800576522
MW1PD96682,10,9787800576539
MW1PD96682,11,9787800576843
MW1PD96682,12,9787800576850
MW1PD96682,13,9787800576867
MW1PD96682,14,9787800576874
MW1PD96682,15,9787800576881
MW1PD96682,16,9787800576898
MW1PD96682,17,9787800576904
MW1PD96682,18,9787800576911
MW1PD96682,19,9787800576928
MW1PD96682,20,9787800576935
MW1PD96682,21,9787800576942
MW1PD96682,22,9787800576959
MW1PD96682,23,9787800576966
MW1PD96682,24,9787800576973
MW1PD96682,25,9787800576980
MW1PD96682,26,9787800578502
MW1PD96682,27,9787800578519
MW1PD96682,28,9787800578526
MW1PD96682,29,9787800578915
MW1PD96682,30,9787800578939
MW1PD96682,31,9787800577345
MW1PD96682,32,9787800577918
MW1PD96682,33,9787800578298
MW1PD96682,34,9787800578335
MW1PD96682,35,9787800578847
MW1PD96682,36,9787800578854
MW1PD96682,37,9787800578946
MW1PD96682,38,9787800578953
MW1PD96682,39,9787800578960
MW1PD96682,40,9787800578977
MW1PD96682,41,9787802530591
MW1PD96682,42,9787802530607
MW1PD96682,43,9787802530614
MW1PD96682,44,9787802530621
MW1PD96682,45,9787802530638
MW1PD96682,46,9787802530645
MW1PD96682,47,9787802530652
MW1PD96682,48,9787802530669
MW1PD96682,49,9787802530676
MW1PD96682,50,9787802530683
MW1PD96682,51,9787802530690
MW1PD96682,52,9787802530706
MW1PD96682,53,9787802530713
MW1PD96682,54,9787802530720
MW1PD96682,55,9787802530737
MW1PD96682,56,9787802530744
MW1PD96682,57,?
MW1PD96682,58,9787802530768
MW1PD96682,59,?
MW1PD96682,60,9787802530782
MW1PD96682,61,9787802530799
MW1PD96682,62,9787802530805
MW1PD96682,63,9787802530812
MW1PD96682,64,9787802530829
MW1PD96682,65,9787802530836
MW1PD96682,66,9787802530843
MW1PD96682,67,9787802530850
MW1PD96682,68,9787802530867
MW1PD96682,69,9787802530874
MW1PD96682,70,9787802530881
MW1PD96682,71,9787802530898
MW1PD96682,72,9787802530904
MW1PD96682,73,9787802530911
MW1PD96682,74,9787802530928
MW1PD96682,75,9787802530935
MW1PD96682,76,9787802530942
MW1PD96682,77,9787802530959
MW1PD96682,78,9787802530966
MW1PD96682,79,9787802530973
MW1PD96682,80,9787802530980
MW1PD96682,81,9787802530997
MW1PD96682,82,9787802531000
MW1PD96682,83,9787802531017
MW1PD96682,84,9787802531024
MW1PD96682,85,9787802531031
MW1PD96682,86,9787802531048
MW1PD96682,87,9787802531055
MW1PD96682,88,9787802531062
MW1PD96682,89,9787802531079
MW1PD96682,90,9787802531086
MW1PD96682,91,9787802531093
MW1PD96682,92,9787802531109
MW1PD96682,93,9787802531116
MW1PD96682,94,9787802531123
MW1PD96682,95,9787802531130
MW1PD96682,96,9787802531147
MW1PD96682,97,9787802531154
MW1PD96682,98,9787802531161
MW1PD96682,99,9787802531178
MW1PD96682,100,9787802531185
MW1PD96682,101,9787802531192
MW1PD96682,102,9787802531208
MW1PD96682,103,9787802531215
MW1PD96682,104,9787802531222
MW1PD96682,105,9787802531239
MW1PD96682,106,9787802531246
MW1PD96682,107,9787802531253
MW1PD96682,108,9787802531260
MW1PD96682,109,?
MW20242,1,?
MW20242,2,?
MW20242,3,?
MW20242,4,?
MW20242,5,?
MW20242,6,?
MW20242,7,?
MW20242,8,?
MW20242,9,?
MW20242,10,?
MW20242,11,?
MW20242,12,?
MW20242,13,?
MW20242,14,?
MW20242,15,?
MW20242,16,?
MW20242,17,?
MW20242,18,?
MW20242,19,?
MW20242,20,?
MW20242,21,?
MW20242,22,?
MW20242,23,?
MW20242,24,?
MW20242,25,9771002906003
MW20242,26,9771002906003
MW20242,27,9771002906003
MW20242,28,9771002906003
MW20242,29,9771002906003
MW20242,30,9771002906003
MW20242,31,9771002906003
MW20242,32,9771002906003
MW20242,33,9771002906003
MW20242,34,9771002906003
MW20242,35,9771002906003
MW20242,36,?
MW20242,37,9771002906003
MW20242,38,9771002906003
MW20242,39,9771002906003
MW20242,40,9771002906003
MW20242,41,9771002906003
MW20242,42,9771002906003
MW20242,43,9771002906003
MW20242,44,9771002906003
MW20242,45,?
MW20242,46,9771002906003
MW20242,47,9771002906003
MW20242,48,9771002906003
MW20242,49,9771002906003
MW20242,50,9771002906003
MW20242,51,9771002906003
MW20242,52,9771002906003
MW20242,53,9771002906010
MW20242,54,9771002906010
MW20242,55,9771002906010
MW20242,57,?
MW20242,58,?
MW20242,59,?
MW20242,60,?
MW20242,61,?
MW20242,62,?
MW20242,63,?
MW20242,64,?
MW20242,65,?
MW20242,66,?
MW20242,67,?
MW20242,68,?
MW20242,69,?
MW20242,70,?
MW20242,71,?
MW20242,72,?
MW20242,73,?
MW20242,74,?
MW20242,75,?
MW20242,76,?
MW20242,77,?
MW20242,78,?
MW20242,79,?
MW20242,80,?
MW20242,81,?
MW20242,82,?
MW20242,83,?
MW20242,84,?
MW20242,85,9771002906010
MW20242,87,9771002906010
MW20510,1,?
MW20510,2,?
MW20510,3,?
MW20510,4,?
MW20510,5,?
MW20510,6,?
MW20510,7,?
MW20510,8,?
MW20510,10,?
MW20510,11,?
MW20510,12,9787542008107
MW20813,1,?
MW20813,2,?
MW20813,3,?
MW20813,4,?
MW20813,5,?
MW20813,6,?
MW20813,7,?
MW20813,8,?
MW20813,9,?
MW20813,10,?
MW20813,11,?
MW20813,12,?
MW20813,13,?
MW20813,14,?
MW20813,15,?
MW20813,16,?
MW20813,18,?
MW20813,19,?
MW20813,21,?
MW20813,22,?
MW20813,23,?
MW20813,24,?
MW20813,25,?
MW20813,27,9771005560004
MW20813,28,?
MW20813,29,?
MW20813,30,?
MW20813,31,?
MW20813,32,?
MW20813,33,?
MW20813,34,?
MW20813,35,?
MW20813,36,?
MW20813,37,?
MW20813,38,?
MW20813,39,?
MW20813,40,?
MW20813,41,?
MW20813,42,?
MW20813,43,?
MW20813,44,?
MW20813,45,?
MW20813,46,?
MW20813,47,?
MW20813,48,?
MW20813,49,?
MW20813,50,?
MW20813,51,?
MW20813,52,?
MW20813,53,9771005560004
MW20813,54,9771005560004
MW20813,55,9771005560004
MW20813,56,9771005560004
MW20813,57,9771005560004
MW20813,58,9771005560004
MW20813,59,9771005560004
MW20813,60,9771005560004
MW20813,61,9771005560004
MW20813,62,9771005560004
MW20813,63,9771005560004
MW20813,64,9771005560004
MW20813,65,9771005560004
MW20813,66,9771005560004
MW20813,67,9771005560004
MW20813,68,9771005560004
MW20813,69,9771005560004
MW20813,70,9771005560004
MW20813,71,9771005560004
MW20813,72,?
MW20813,73,?
MW20813,74,9771005560004
MW20813,75,9771005560004
MW20813,76,9771005560004
MW20813,77,?
MW20813,78,9771005560004
MW20813,79,9771005560004
MW20813,80,9771005560004
MW20813,81,?
MW20813,82,9771005560004
MW20813,83,9771005560004
MW20813,84,9771005560004
MW20813,85,?
MW20813,86,?
MW20813,87,9771005560004
MW20813,88,9771005560004
MW20813,89,?
MW20813,90,?
MW20813,91,9771005560004
MW20813,92,?
MW20813,93,?
MW20813,95,?
MW20813,96,9771005560004
MW20813,97,9771005560004
MW20813,98,?
MW20813,99,?
MW20813,100,?
MW20813,101,?
MW20813,102,?
MW20813,103,?
MW20813,104,?
MW20813,105,?
MW20813,106,?
MW20813,107,?
MW20813,108,?
MW20813,109,9771005560004
MW20813,110,?
MW20813,111,?
MW20813,112,9771005560004
MW20813,113,9771005560004
MW20813,114,?
MW20813,115,?
MW20813,116,?
MW20813,117,?
MW20813,118,?
MW20813,136,9771005560004
MW20813,138,9771005560004
MW20813,139,?
MW20813,141,9771005560004
MW20813,143,9771005560004
MW20813,161,9771005560004
MW20814,12,?
MW20814,13,?
MW20814,14,?
MW20814,15,?
MW20814,19,?
MW20814,20,?
MW20814,21,?
MW20814,22,?
MW20814,23,?
MW20814,24,?
MW20814,25,?
MW20814,26,?
MW20814,27,?
MW20814,28,?
MW20814,29,?
MW20814,30,?
MW20814,31,?
MW20814,32,?
MW20814,34,?
MW20814,35,?
MW20814,37,?
MW20814,38,?
MW20814,39,?
MW20814,40,?
MW20814,41,?
MW20814,42,?
MW20814,43,?
MW20814,44,?
MW20814,45,?
MW20814,46,?
MW20814,47,?
MW20814,48,?
MW20814,50,?
MW20814,51,?
MW20814,52,?
MW20814,53,?
MW20814,54,9771007069000
MW20814,55,9771007069000
MW20814,56,?
MW20814,57,9771007069000
MW20814,58,9771007069000
MW20814,59,9771007069000
MW20814,60,9771007069000
MW20814,61,9771007069000
MW20814,62,9771007069000
MW20814,63,9771007069000
MW20814,64,9771007069000
MW20814,65,9771007069000
MW20814,66,?
MW20814,67,9771007069000
MW20814,68,?
MW20814,69,?
MW20814,70,?
MW20814,71,9771007069000
MW20814,72,9771007069000
MW20814,73,9771007069000
MW20814,74,9771007069000
MW20814,75,9771007069000
MW20814,76,9771007069000
MW20814,77,9771007069000
MW20814,78,9771007069000
MW20814,79,?
MW20814,80,9771007069000
MW20814,81,9771007069000
MW20814,82,9771007069000
MW20814,83,9771007069000
MW20814,84,?
MW20814,86,?
MW20814,87,?
MW20814,88,9771007069000
MW20814,89,9771007069000
MW20814,90,?
MW20814,91,9771007069000
MW20814,229,?
MW20816,2,?
MW20816,5,?
MW20816,6,?
MW20816,7,?
MW20816,9,?
MW20816,10,?
MW20816,11,?
MW20816,12,?
MW20816,13,?
MW20816,14,?
MW20816,15,?
MW20816,16,?
MW20816,17,?
MW20816,18,?
MW20816,19,?
MW20816,20,?
MW20816,21,?
MW20816,22,?
MW20816,23,?
MW20816,24,?
MW20816,25,?
MW20816,26,?
MW20816,27,?
MW20816,29,?
MW20816,30,9771006451004
MW20816,31,9771006451004
MW20816,32,9771006451004
MW20816,33,9771006451004
MW20816,34,?
MW20816,35,9771006451004
MW20816,36,9771006451004
MW20816,39,?
MW20816,43,?
MW20816,44,9771006451004
MW20816,45,9771006451004
MW20816,46,9771006451004
MW20816,47,9771006451004
MW20816,48,?
MW20816,49,?
MW20816,50,?
MW20816,51,?
MW20816,52,?
MW20816,53,?
MW20816,54,?
MW20816,55,?
MW20816,56,?
MW20816,57,?
MW20816,58,?
MW20816,59,?
MW20816,60,?
MW20816,61,?
MW20816,78,?
MW20816,89,?
MW20816,113,?
MW20816,114,?
MW20816,115,?
MW20816,121,?
MW20816,126,?
MW20817,2,?
MW20817,7,?
MW20817,8,?
MW20817,10,?
MW20817,11,?
MW20817,13,?
MW20817,14,?
MW20817,15,?
MW20817,16,?
MW20817,17,?
MW20817,18,?
MW20817,19,?
MW20817,20,?
MW20817,21,?
MW20817,22,?
MW20817,23,?
MW20817,24,?
MW20817,25,?
MW20817,26,?
MW20817,27,?
MW20817,28,?
MW20817,29,?
MW20817,30,?
MW20817,31,?
MW20817,32,?
MW20817,33,?
MW20817,34,?
MW20817,35,?
MW20817,36,?
MW20817,37,?
MW20817,38,?
MW20817,39,?
MW20817,40,?
MW20817,41,?
MW20817,42,?
MW20817,43,?
MW20817,44,?
MW20817,45,?
MW20817,46,?
MW20817,47,?
MW20817,48,?
MW20817,49,?
MW20817,50,?
MW20817,51,?
MW20817,52,?
MW20817,53,?
MW20817,54,?
MW20817,55,?
MW20817,56,?
MW20817,57,?
MW20817,58,?
MW20817,59,?
MW20817,60,?
MW20817,61,?
MW20817,62,?
MW20817,63,?
MW20817,64,?
MW20817,65,?
MW20817,66,?
MW20817,67,?
MW20817,68,?
MW20817,69,?
MW20817,70,?
MW20817,71,?
MW20817,72,?
MW20817,73,?
MW20817,74,?
MW20817,75,?
MW20817,76,?
MW20817,77,?
MW20817,78,?
MW20817,79,?
MW20817,80,?
MW20817,81,?
MW20817,82,?
MW20817,83,9771002931005
MW20817,84,9771002931005
MW20817,85,9771002931005
MW20817,86,?
MW20817,87,9771002931005
MW20817,88,9771002931005
MW20817,89,9771002931005
MW20817,90,9771002931005
MW20817,91,9771002931005
MW20817,92,9771002931005
MW20817,93,9771002931005
MW20817,94,9771002931005
MW20817,95,9771002931005
MW20817,96,9771002931005
MW20817,97,9771002931005
MW20817,98,9771002931005
MW20817,99,9771002931005
MW20817,100,9771002931005
MW20817,101,9771002931005
MW20817,102,9771002931005
MW20817,103,9771002931005
MW20817,104,9771002931005
MW20817,105,9771002931005
MW20817,106,9771002931005
MW20817,107,9771002931005
MW20817,108,9771002931005
MW20817,109,9771002931005
MW20817,110,9771002931005
MW20817,111,9771002931005
MW20817,112,9771002931005
MW20817,113,9771002931005
MW20817,114,9771002931005
MW20817,115,9771002931005
MW20817,116,9771002931005
MW20817,117,?
MW20817,118,?
MW20817,119,?
MW20817,120,?
MW20817,121,?
MW20817,122,9771002931005
MW20817,123,9771002931005
MW20817,124,9771002931005
MW20817,125,9771002931005
MW20817,126,9771002931005
MW20817,127,9771002931005
MW20817,128,9771002931005
MW20817,129,9771002931005
MW20817,130,9771002931005
MW20817,131,9771002931005
MW20817,148,9771002931005
MW20817,149,9771002931005
MW20817,164,?
MW20817,213,9771002931005
MW20817,215,9771002931005
MW20817,230,9771002931005
MW20817,231,9771002931005
MW20817,232,9771002931005
MW20817,233,9771002931005
MW20817,234,9771002931005
MW20819,1,?
MW20819,2,?
MW20819,3,?
MW20819,4,?
MW20819,5,?
MW20819,6,?
MW20819,7,?
MW20819,8,?
MW20819,9,?
MW20819,10,?
MW20819,11,?
MW20819,12,?
MW20819,13,?
MW20819,14,?
MW20819,15,9771002936000
MW20819,16,9771002936000
MW20819,17,9771002936000
MW20819,18,9771002936000
MW20819,19,9771002936000
MW20819,20,9771002936000
MW20819,21,9771002936000
MW20819,22,9771002936000
MW20819,23,9771002936000
MW20819,24,9771002936000
MW20819,25,?
MW20819,26,9771002936000
MW20819,27,9771002936000
MW20819,28,9771002936000
MW20819,29,9771002936000
MW20819,30,9771002936000
MW20819,31,9771002936000
MW20819,32,?
MW20819,33,9771002936000
MW20819,35,9771002936000
MW20819,36,9771002936000
MW20819,37,9771002936000
MW20819,38,9771002936000
MW20819,39,9177002936000
MW20819,40,9771002936000
MW20819,41,9771002936000
MW20819,46,?
MW20819,47,?
MW20819,85,?
MW20820,1,?
MW20820,2,?
MW20820,3,?
MW20820,4,?
MW20820,5,?
MW20820,6,?
MW20820,7,?
MW20820,8,?
MW20820,9,?
MW20820,10,?
MW20820,11,?
MW20820,12,?
MW20820,13,?
MW20820,14,?
MW20820,15,?
MW20820,16,?
MW20820,17,?
MW20820,18,?
MW20820,19,?
MW20820,20,?
MW20820,21,?
MW20820,22,9771004175001
MW20820,23,9771004175001
MW20820,24,?
MW20820,25,?
MW20820,26,9771004175001
MW20820,27,?
MW20820,28,9771004175001
MW20820,29,?
MW20820,30,9771004175001
MW20820,31,?
MW20820,32,9771004175001
MW20820,33,9771004175001
MW20820,34,9771004175001
MW20820,35,9771004175001
MW20820,36,9771004175001
MW20820,37,9771004175001
MW20820,38,9771004175001
MW20820,39,9771004175001
MW20820,40,9771004175001
MW20820,41,9771004175001
MW20820,42,9771004175001
MW20820,43,9771004175018
MW20820,44,9771004175018
MW20820,45,9771004175018
MW20820,46,9771004175018
MW20820,47,9771004175025
MW20820,48,9771004175025
MW20820,49,9771004175025
MW20820,50,9771004175025
MW20820,51,?
MW21496,7,?
MW21496,8,?
MW21496,9,?
MW21496,10,?
MW21496,11,?
MW21496,12,?
MW21496,13,?
MW21496,14,?
MW21496,15,?
MW21496,16,?
MW21496,17,?
MW21496,18,?
MW21496,20,?
MW21496,21,?
MW21496,22,?
MW21496,24,?
MW21496,25,?
MW21496,26,?
MW21496,27,?
MW21496,28,?
MW21496,29,?
MW21496,30,?
MW21496,31,?
MW21496,32,?
MW21496,33,?
MW21496,34,?
MW21496,35,?
MW21496,36,?
MW21496,37,?
MW21496,38,?
MW21496,39,?
MW21496,40,?
MW21496,41,?
MW21496,42,?
MW21496,43,?
MW21496,44,?
MW21496,50,9771005208005
MW21496,51,9771005208005
MW21496,53,9771005208005
MW21496,54,9771005208005
MW21496,55,9771005208005
MW21496,56,9771005208005
MW21496,57,9771005208005
MW21496,58,9771005208005
MW21496,60,9771005208005
MW21496,61,9771005208005
MW21496,62,9771005208005
MW21496,63,9771005208005
MW21496,64,9771005208005
MW21496,65,9771005208005
MW21496,66,9771005208005
MW21496,67,9771005208005
MW21496,68,9771005208005
MW21496,69,9771005208005
MW21496,70,9771005208005
MW21496,71,9771005208005
MW21496,72,9771005208005
MW21496,73,9771005208005
MW21496,77,9771005208005
MW21496,79,9771005208005
MW21496,80,9771001564006
MW21496,82,9771005208005
MW21496,83,9771005208005
MW21496,84,9771005208005
MW21496,85,9771005208005
MW21496,86,9771005208005
MW21496,87,9771005208005
MW21496,88,9771005208005
MW21496,89,9771005208005
MW21501,3,?
MW21501,4,?
MW21501,7,?
MW21501,8,?
MW21501,14,?
MW21501,22,?
MW21501,23,?
MW21501,25,?
MW21501,28,?
MW21501,29,?
MW21501,30,?
MW21501,32,?
MW21501,33,?
MW21501,34,?
MW21501,35,?
MW21501,36,?
MW21501,37,?
MW21501,38,?
MW21501,39,?
MW21501,40,?
MW21501,41,?
MW21501,42,?
MW21501,44,?
MW21501,46,?
MW21501,47,?
MW21501,48,?
MW21501,49,?
MW21501,51,?
MW21501,52,?
MW21501,53,?
MW21501,54,?
MW21501,55,?
MW21501,56,?
MW21501,57,?
MW21501,58,?
MW21501,59,?
MW21501,60,?
MW21501,61,?
MW21501,62,?
MW21501,67,?
MW21501,72,?
MW21501,73,?
MW21501,78,?
MW21501,80,?
MW21501,82,?
MW21501,93,?
MW21501,95,?
MW21501,99,?
MW21501,101,?
MW21501,106,?
MW21501,107,?
MW21501,110,?
MW21501,112,?
MW21501,113,?
MW21501,114,?
MW21501,115,?
MW21501,116,?
MW21501,117,?
MW21501,118,?
MW21501,119,?
MW21501,120,?
MW21501,124,?
MW21501,125,?
MW21501,126,?
MW21501,127,?
MW21501,128,?
MW21501,130,?
MW21501,132,?
MW21501,135,9770529350016
MW21598,1,9787805890296
MW21598,2,?
MW21682,1,?
MW21682,2,9787542005342
MW21697,1,?
MW21697,2,9787540939304
MW21697,3,9787540939311
MW22362,2,?
MW22362,5,?
MW22362,6,?
MW22362,7,?
MW22362,8,?
MW22362,9,?
MW22362,10,?
MW22362,11,?
MW22362,12,?
MW22362,13,?
MW22362,14,?
MW22362,15,?
MW22362,16,?
MW22362,17,?
MW22362,18,?
MW22362,19,?
MW22362,20,?
MW22362,21,?
MW22362,22,?
MW22362,23,?
MW22362,24,?
MW22362,25,?
MW22362,26,?
MW22362,27,?
MW22362,28,?
MW22362,29,?
MW22362,30,?
MW22362,31,?
MW22362,32,?
MW22362,33,?
MW22362,34,?
MW22362,35,?
MW22362,36,?
MW22362,37,?
MW22362,38,?
MW22362,40,?
MW22362,41,?
MW22362,42,?
MW22362,43,?
MW22362,44,?
MW22362,45,?
MW22362,46,?
MW22362,47,?
MW22362,48,9771006020002
MW22362,49,9771006020002
MW22362,50,9771006020002
MW22362,51,?
MW22362,52,9771006020002
MW22362,54,?
MW22362,55,?
MW22362,56,?
MW22362,57,?
MW22362,59,9771006020002
MW22362,61,9771006020002
MW22362,63,9771006020002
MW22362,65,?
MW22362,67,9771006020002
MW22362,69,9771006020002
MW22362,71,9771006020002
MW22362,72,?
MW22362,73,?
MW22362,74,?
MW22362,81,?
MW22362,82,9771006020002
MW22362,89,?
MW27306,1,9787542106414
MW27306,2,?
MW27306,3,?
MW27306,4,?
MW29187,1,9770529350016
MW29187,2,9770529350016
MW29187,3,9770529350016
MW29187,4,9770529350016
MW29187,5,9770529350016
MW29187,6,9770529350016
MW29187,7,9770529350016
MW29187,8,9770529350016
MW29187,9,9770529350016
MW29187,10,9770529350016
MW29187,11,?
MW29187,12,9770529350016
MW29187,13,9770529350016
MW29187,14,9770529350016
MW29187,15,9770529350016
MW29187,16,9770529350016
MW29187,17,9770529350016
MW29187,18,9770529350016
MW29187,19,9770529350016
MW29187,20,9770529350016
MW29187,21,9770529350016
MW29187,22,9770529350016
MW29187,23,9770529350016
MW29187,24,9770529350016
MW29187,25,9770529350016
MW29187,27,9770529350016
MW29187,28,?
MW29187,29,9770529350016
MW29187,30,?
MW29187,31,?
MW29187,32,9770529350016
MW29187,33,9770529350016
MW29187,34,?
MW29187,35,?
MW29187,37,?
MW29187,38,?
MW29187,39,?
MW29187,40,?
MW29187,41,9771674953114
MW29187,42,9771674953114
MW29187,43,9771674953114
MW29187,44,9771674953114
MW29187,45,9771674953114
MW29187,46,?
MW29187,47,9771674953114
MW29187,50,?
MW29187,51,9771674953114
MW29187,52,9771674953114
MW29187,53,?
MW29187,54,9771674953114
MW29187,55,?
MW2DB4575,1,?
MW2DB4575,2,9787105081714
MW2KG209785,1,9787104040309
MW2KG209785,2,?
MW2KG209785,3,?
MW2KG209785,4,9787104040309
MW2KG212707,1,9787542138217
MW2KG212707,2,9787542138224
MW2KG212707,3,?
MW2KG212707,4,9787542138194
MW2KG212707,5,9787542138200
MW2KG212708,1,9787040119916
MW2KG212708,2,9787040119916
MW2KG212708,3,9787040119916
MW2KG212708,4,9787040119916
MW2KG212708,5,9787040119916
MW2KG212708,6,?
MW2KG212708,7,?
MW2KG212708,8,?
MW2KG212708,9,?
MW2KG228992,1,9787542126764
MW2KG228992,2,9787542126764
MW2KG228992,3,9787542126764
MW2KG228992,4,9787542126764
MW2KG228992,5,9787542126764
MW2KG228992,6,9787542126764
MW2KG228992,7,9787542126764
MW2KG228992,8,?
MW2KG228992,9,9787542126764
MW2KG228992,10,9787542126764
MW2PD16805,1,9787105133932
MW2PD16805,2,9787105133932
MW2PD16805,3,9787105133932
MW2PD16805,4,9787105133932
MW2PD16805,5,9787105133932
MW2PD16805,6,9787105133932
MW2PD16805,7,9787105133932
MW2PD16805,8,9787105133932
MW2PD16805,9,9787105133932
MW2PD16805,10,9787105133932
MW2PD16805,11,9787105133932
MW2PD16805,12,9787105133932
MW2PD16805,13,9787105133932
MW2PD16805,14,9787105133932
MW2PD16805,15,9787105133932
MW2PD16805,16,9787105133932
MW2PD16805,17,9787105133932
MW2PD16805,18,9787105133932
MW2PD16805,19,9787105133932
MW2PD16805,20,9787105133932
MW2PD16805,21,9787105133932
MW2PD16805,22,9787105133932
MW2PD16805,23,9787105133932
MW2PD16805,24,9787105133932
MW2PD16805,25,9787105133932
MW2PD16805,26,9787105133932
MW2PD16805,27,9787105133932
MW2PD16805,28,9787105133932
MW2PD16805,29,9787105133932
MW2PD16805,30,9787105133932
MW2PD16805,31,9787105133932
MW2PD16805,32,9787105133932
MW2PD16805,33,9787105133932
MW2PD16805,34,9787105133932
MW2PD16805,35,9787105133932
MW2PD16805,36,9787105133932
MW2PD16805,37,9787105133932
MW2PD16805,38,9787105133932
MW2PD16805,39,9787105133932
MW2PD16805,40,9787105133932
MW2PD16805,41,9787105133932
MW2PD16805,42,9787105133932
MW2PD16805,43,9787105133932
MW2PD16805,44,9787105133932
MW2PD16805,45,9787105133932
MW2PD16805,46,9787105133932
MW2PD16805,47,9787105133932
MW2PD16805,48,9787105133932
MW2PD16805,49,9787105133932
MW2PD16805,50,?
MW2PD16805,51,9787105133932
MW2PD16805,52,9787105133932
MW2PD16805,53,9787105133932
MW2PD16805,54,9787105133932
MW2PD16805,55,9787105133932
MW2PD16805,56,9787105133932
MW2PD16805,57,9787105133932
MW2PD16805,58,9787105133932
MW2PD16805,59,9787105133932
MW2PD16805,60,9787105133932
MW2PD16805,61,9787105133932
MW2PD16805,62,9787105133932
MW2PD16805,63,9787105133932
MW2PD16805,64,9787105133932
MW2PD16805,65,9787105133932
MW2PD16805,66,9787105133932
MW2PD16805,67,9787105133932
MW2PD16805,68,9787105133932
MW2PD16805,69,9787105133932
MW2PD16805,70,9787105133932
MW2PD16805,71,9787105133932
MW2PD16805,72,9787105133932
MW2PD16805,73,9787105133932
MW2PD16805,74,9787105133932
MW2PD16805,75,9787105133932
MW2PD16805,76,9787105133932
MW2PD16805,77,9787105133932
MW2PD16805,78,9787105133932
MW2PD16805,79,9787105133932
MW2PD16805,80,9787105133932
MW2PD16805,81,9787105133932
MW2PD16805,82,9787105133932
MW2PD16805,83,9787105133932
MW2PD16805,84,9787105133932
MW2PD16805,85,9787105133932
MW2PD16805,86,9787105133932
MW2PD16805,87,9787105133932
MW2PD16805,88,9787105133932
MW2PD16805,89,9787105133932
MW2PD16805,90,9787105133932
MW2PD16805,91,9787105133932
MW2PD16805,92,9787105133932
MW2PD16805,93,9787105133932
MW2PD16805,94,9787105133932
MW2PD16805,95,9787105133932
MW2PD17385,1,?
MW2PD17385,2,?
MW2PD17385,3,?
MW2PD17385,4,?
MW2PD17385,5,?
MW2PD17385,6,?
MW2PD17385,7,?
MW2PD17385,8,?
MW2PD17385,9,?
MW2PD17385,10,?
MW2PD17385,11,?
MW2PD17385,12,?
MW2PD17385,13,?
MW2PD17385,14,?
MW2PD17385,15,?
MW2PD17385,16,?
MW2PD17385,17,?
MW2PD17385,18,?
MW2PD17385,19,?
MW2PD17385,20,?
MW2PD17385,21,?
MW2PD17385,22,?
MW2PD17385,23,?
MW2PD17385,24,?
MW2PD17385,25,?
MW2PD17385,26,?
MW2PD17385,27,?
MW2PD17385,28,?
MW2PD17385,29,?
MW2PD17385,30,?
MW2PD17385,31,?
MW2PD17385,32,?
MW2PD17385,33,?
MW2PD17385,34,?
MW2PD17385,35,?
MW2PD17385,36,?
MW2PD17385,37,?
MW2PD17385,38,?
MW2PD17385,39,?
MW2PD17385,40,?
MW2PD17385,41,?
MW2PD17385,42,?
MW2PD17385,43,?
MW2PD17385,44,?
MW2PD17385,45,?
MW2PD17385,46,?
MW2PD17385,47,?
MW2PD17385,48,?
MW2PD17385,49,?
MW2PD17385,50,?
MW2PD17385,51,?
MW2PD17385,52,?
MW2PD17385,53,?
MW2PD17385,54,?
MW2PD17385,55,?
MW2PD17385,56,?
MW2PD17385,57,?
MW2PD17385,58,?
MW2PD17385,59,?
MW2PD17385,60,9787549003792
MW2PD17386,1,9787223040112
MW2PD17386,2,9787223040020
MW2PD17386,3,9787223040037
MW2PD17386,4,9787223040105
MW2PD17386,5,?
MW2PD17386,6,9787223039994
MW2PD17386,7,9787223039987
MW2PD17386,8,9787223039970
MW2PD17386,9,9787223039963
MW2PD17386,10,?
MW2PD17386,11,9787223040082
MW2PD17386,12,9787223040075
MW2PD17386,13,?
MW2PD17386,14,?
MW2PD17386,15,9787223040044
MW2PD17386,16,9787223041096
MW2PD17386,17,9787223041102
MW2PD17386,18,9787223041126
MW2PD17386,19,9787223041065
MW2PD17386,20,9787223041119
MW2PD17386,21,9787223041843
MW2PD17386,22,?
MW2PD17386,23,9787223041867
MW2PD17386,24,9787223041874
MW2PD17386,25,9787223041881
MW2PD17386,26,9787223041928
MW2PD17386,27,9787223041935
MW2PD17386,28,9787223041942
MW2PD17386,29,9787223041959
MW2PD17386,30,9787223041966
MW2PD17391,1,?
MW2PD17391,2,9787105127634
MW2PD17392,1,?
MW2PD17392,2,?
MW2PD17392,3,"9787105126835, 9787705126235"
MW2PD17402,1,?
MW2PD17402,2,9787800579981
MW2PD17429,1,9787540950521
MW2PD17429,2,9787540950521
MW2PD17429,3,9787540950521
MW2PD17429,4,9787540950521
MW2PD17429,5,9787540950521
MW2PD17429,6,9787540950521
MW2PD17429,7,9787540950521
MW2PD17429,8,9787540950521
MW2PD17429,9,9787540950521
MW2PD17429,10,?
MW2PD17429,11,9787540950521
MW2PD17429,12,?
MW2PD17429,13,9787540950521
MW2PD17429,14,9787540950521
MW2PD17429,15,9787540950521
MW2PD17448,1,?
MW2PD17448,2,9787105132676
MW2PD17604,1,?
MW2PD17604,2,9787800578250
MW30481,1,9787805890463
MW30481,2,?
MW3CN21640,1,9787570000371
MW3CN21640,2,9787570000371
MW3CN21640,3,9787570000371
MW3CN21640,4,9787570000371
MW3CN21640,5,9787570000371
MW3CN21640,6,9787570000371
MW3CN21640,7,9787570000371
MW3CN21640,8,9787570000371
MW3CN21640,9,?
MW3CN21640,10,9787570000371
MW3CN21640,11,9787570000371
MW3CN21640,12,9787570000371
MW3CN21640,13,9787570000371
MW3CN21640,14,9787570000371
MW3CN21640,15,9787570000371
MW3CN21640,16,9787570000371
MW3CN21640,17,9787570000371
MW3CN21640,18,9787570000371
MW3CN21640,19,9787570000371
MW3CN21640,20,9787570000371
MW3CN21640,21,9787570000371
MW3CN21640,22,9787570000371
MW3CN21640,23,9787570000371
MW3CN21640,24,9787570000371
MW3CN21640,25,9787570000371
MW3CN21640,26,9787570000371
MW3CN21640,27,9787570000371
MW3CN21640,28,9787570000371
MW3CN21640,29,9787570000371
MW3CN21640,30,9787570000371
MW3CN21640,31,9787570000371
MW3CN21640,32,9787570000371
MW3CN21640,33,9787570000371
MW3CN21640,34,9787570000371
MW3CN21640,35,9787570000371
MW3CN21640,36,9787570000371
MW3CN21640,37,9787570000371
MW3CN21640,38,9787570000371
MW3CN21640,39,9787570000371
MW3CN21640,40,9787570000371
MW3CN21640,41,9787570000371
MW3CN21640,42,9787570000371
MW3CN21640,43,9787570000371
MW3CN21640,44,9787570000371
MW3CN21640,45,9787570000371
MW3CN21640,46,9787570000371
MW3CN21640,47,9787570000371
MW3CN21706,1,?
MW3CN21706,2,?
MW3CN21706,3,9787505998360
MW3CN21706,4,9787505998360
MW3CN22040,1,9789888458769
MW3CN22040,2,9789888458769
MW3CN22040,3,?
MW3CN22040,4,9789888458769
MW3CN22040,5,9789888458769
MW3CN22040,6,9789888458769
MW3CN22040,7,9789888458769
MW3CN22339,1,?
MW3CN22339,2,?
MW3CN22339,3,?
MW3CN22339,4,?
MW3CN22339,5,?
MW3CN22339,6,?
MW3CN22339,7,?
MW3CN22339,8,?
MW3CN22339,9,?
MW3CN22339,10,?
MW3CN22339,11,?
MW3CN22339,12,?
MW3CN22339,13,?
MW3CN22339,14,?
MW3CN22339,15,?
MW3CN22339,16,?
MW3CN22339,17,?
MW3CN22339,18,?
MW3CN22339,19,9787521101003
MW3CN22343,1,9787570002610
MW3CN22343,2,9787570002610
MW3CN22343,3,9787570002610
MW3CN22343,4,9787570002610
MW3CN22343,5,9787570002610
MW3CN22343,6,9787570002610
MW3CN22343,7,9787570002610
MW3CN22343,8,9787570002610
MW3CN22343,9,9787570002610
MW3CN22343,10,9787570002610
MW3CN22343,11,9787570002610
MW3CN22343,12,9787570002610
MW3CN22343,13,9787570002610
MW3CN22343,14,9787570002610
MW3CN22343,15,9787570002610
MW3CN22343,16,9787570002610
MW3CN22343,17,9787570002610
MW3CN22343,18,9787570002610
MW3CN22343,19,9787570002610
MW3CN22343,20,9787570002610
MW3CN22343,21,9787570002610
MW3CN22343,22,9787570002610
MW3CN22343,23,9787570002610
MW3CN22343,24,9787570002610
MW3CN22343,25,9787570002610
MW3CN22343,26,9787570002610
MW3CN22343,27,9787570002610
MW3CN22343,28,9787570002610
MW3CN22343,29,9787570002610
MW3CN22343,30,?
MW3CN22954,1,?
MW3CN22954,2,9787570001187
MW3CN22954,3,9787570001187
MW3CN22954,4,9787570001187
MW3CN22954,5,9787570001187
MW3CN22954,6,9787570001187
MW3CN22954,7,9787570001187
MW3CN22954,8,9787570001187
MW3CN22954,9,9787570001187
MW3CN22954,10,9787570001187
MW3CN22954,11,9787570001187
MW3CN22954,12,9787570001187
MW3CN22954,13,9787570001187
MW3CN22954,14,9787570001187
MW3CN22954,15,9787570001187
MW3CN22954,16,9787570001187
MW3CN22954,17,9787570001187
MW3CN22954,18,9787570001187
MW3CN22954,19,9787570001187
MW3CN22954,20,9787570001187
MW3CN22954,21,9787570001187
MW3CN22954,22,9787570001187
MW3CN22954,23,9787570001187
MW3CN22954,24,9787570001187
MW3CN22954,25,9787570001187
MW3CN22954,26,9787570001187
MW3CN22954,27,9787570001187
MW3CN22988,1,?
MW3CN22988,2,"9787202539958, 9787802539952"
MW3CN25663,1,?
MW3CN25663,2,9787521101935
MW3CN25679,1,?
MW3CN25679,2,9787521102086
MW3CN26257,1,9787570000531
MW3CN26257,2,9787570000531
MW3CN26257,3,9787570000531
MW3CN26257,4,9787570000531
MW3CN26257,5,9787570000531
MW3CN26257,6,9787570000531
MW3CN26257,7,9787570000531
MW3CN26257,8,9787570000531
MW3CN26257,9,9787570000531
MW3CN26257,10,9787570000531
MW3CN26257,11,9787570000531
MW3CN26257,12,9787570000531
MW3CN26257,13,9787570000531
MW3CN26257,14,9787570000531
MW3CN26257,15,9787570000531
MW3CN26257,16,9787570000531
MW3CN26257,17,9787570000531
MW3CN26257,18,9787570000531
MW3CN26257,19,9787570000531
MW3CN26257,20,9787570000531
MW3CN26257,21,9787570000531
MW3CN26257,22,9787570000531
MW3CN26257,23,9787570000531
MW3CN26257,24,9787570000531
MW3CN26257,25,9787570000531
MW3CN26257,26,?
MW3CN26257,27,9787570000531
MW3CN26257,28,9787570000531
MW3CN26257,29,9787570000531
MW3CN26257,30,9787570000531
MW3CN26335,1,?
MW3CN26335,2,9789888611997
MW3CN26463,1,?
MW3CN26463,2,9787105136933
MW3CN26589,1,9787805891415
MW3CN26589,2,9787805891415
MW3CN26589,3,9787805891415
MW3CN26589,4,?
MW3CN26589,5,9787805891415
MW3CN27012,1,9787801062185
MW3CN27012,2,9787801062185
MW3CN27012,3,9787801062185
MW3CN27012,4,9787801062185
MW3CN27012,5,9787801062185
MW3CN27012,6,9787801062185
MW3CN27012,7,9787801062185
MW3CN27012,8,9787801062185
MW3CN27012,9,9787801062185
MW3CN27012,10,?
MW3CN27012,11,?
MW3CN27012,12,?
MW3CN27012,13,?
MW3CN27012,14,?
MW3CN27012,15,?
MW3CN27012,16,?
MW3CN27012,17,?
MW3CN27012,18,?
MW3CN27012,19,?
MW3CN27012,20,?
MW3CN27012,21,?
MW3CN27012,22,?
MW3CN27012,23,?
MW3CN27012,24,?
MW3CN27012,25,?
MW3CN27012,26,?
MW3CN27012,27,?
MW3CN27012,28,?
MW3CN27012,29,?
MW3CN27012,30,?
MW3CN27012,31,?
MW3CN27012,32,?
MW3CN27012,33,?
MW3CN27012,34,?
MW3CN27012,35,?
MW3CN27012,36,?
MW3CN27012,37,?
MW3CN27012,38,?
MW3CN27012,39,?
MW3CN27012,40,?
MW3CN27012,41,?
MW3CN27012,42,?
MW3CN27012,43,?
MW3CN27012,44,?
MW3CN27012,45,?
MW3CN27012,46,?
MW3CN27012,47,?
MW3CN27012,48,?
MW3CN27012,49,?
MW3CN27012,50,?
MW3CN27012,51,?
MW3CN27012,52,?
MW3CN27012,53,?
MW3CN27012,54,?
MW3CN27012,55,?
MW3CN27012,56,?
MW3CN27012,57,?
MW3CN27012,58,?
MW3CN27012,59,?
MW3CN27012,60,?
MW3CN27012,61,?
MW3CN27012,62,?
MW3CN27012,63,?
MW3CN27012,64,?
MW3CN27012,65,?
MW3CN27012,66,?
MW3CN27012,67,?
MW3CN27012,68,?
MW3CN27012,69,?
MW3CN27012,70,?
MW3CN27012,71,?
MW3CN27012,72,?
MW3CN27012,73,?
MW3CN27012,74,?
MW3CN27012,75,?
MW3CN27012,76,?
MW3CN27012,77,?
MW3CN27012,78,?
MW3CN27012,79,?
MW3CN27012,80,?
MW3CN27012,81,?
MW3CN27012,82,?
MW3CN27012,83,?
MW3CN27012,84,?
MW3CN27012,85,?
MW3CN27012,86,?
MW3CN27012,87,?
MW3CN27012,88,?
MW3CN27012,89,?
MW3CN27012,90,?
MW3CN27012,91,?
MW3CN27012,92,?
MW3CN27012,93,?
MW3CN27012,94,?
MW3CN27012,95,?
MW3CN27012,96,?
MW3CN27012,97,?
MW3CN27012,98,?
MW3CN27012,99,?
MW3CN27012,100,?
MW3CN27012,101,?
MW3CN27012,102,?
MW3CN27012,103,?
MW3CN27012,104,?
MW3CN27012,105,?
MW3CN27012,106,?
MW3CN27012,107,?
MW3CN27012,108,?
MW3CN27012,109,?
MW3CN27012,110,?
MW3CN27012,111,?
MW3CN27012,112,?
MW3CN27012,113,?
MW3CN27012,114,?
MW3CN27012,115,?
MW3CN27012,116,?
MW3CN27012,117,?
MW3CN27012,118,?
MW3CN27012,119,?
MW3CN27012,120,?
MW3CN27471,1,9787540984625
MW3CN27471,2,?
MW3CN27471,3,?
MW3CN27471,4,9787540984625
MW3CN27471,5,9787540984625
MW3CN27471,6,?
MW3CN27471,7,9787540984625
MW3CN27471,8,?
MW3CN27471,9,?
MW3CN27471,10,9787540984625
MW3CN27471,11,9787540984625
MW3CN27471,12,?
MW3CN27471,13,?
MW3CN27471,14,9787540984625
MW3CN27471,15,9787540984625
MW3CN27471,16,?
MW3CN27471,17,?
MW3CN27471,18,?
MW3CN27471,19,9787540984625
MW3CN27471,20,9787540984625
MW3CN27471,21,?
MW3CN27471,22,?
MW3CN27471,23,9787540984625
MW3CN27471,24,?
MW3CN27471,25,?
MW3CN27471,26,9787540984625
MW3CN27471,27,?
MW3CN27471,28,?
MW3CN27471,29,?
MW3CN27471,30,9787540984625
MW3CN27471,31,9787540984625
MW3CN27471,32,9787540984625
MW3CN3207,1,9787802538184
MW3CN3207,2,9787802538184
MW3CN3207,3,9787802538184
MW3CN3207,4,9787802538184
MW3CN3207,5,9787802538184
MW3CN3207,6,9787802538184
MW3CN3207,7,9787802538184
MW3CN3207,8,9787802538184
MW3CN3207,9,9787802538184
MW3CN3207,10,9787802538184
MW3CN3207,11,9787802538184
MW3CN3207,12,9787802538184
MW3CN3207,13,9787802538184
MW3CN3207,14,9787802538184
MW3CN3207,15,9787802538184
MW3CN3207,16,9787802538184
MW3CN3207,17,9787802538184
MW3CN3207,18,9787802538184
MW3CN3207,19,9787802538184
MW3CN3207,20,?
MW3CN3207,21,9787802538184
MW3CN3207,22,9787802538184
MW3CN3207,23,9787802538184
MW3CN3207,24,9787802538184
MW3CN3207,25,9787802538184
MW3CN3207,26,9787802538184
MW3CN3207,27,?
MW3CN3207,28,9787802538184
MW3CN3207,29,9787802538184
MW3CN3207,30,9787802538184
MW3CN3207,31,9787802538184
MW3CN3207,32,9787802538184
MW3CN3207,33,9787802538184
MW3CN3207,34,?
MW3CN3207,35,9787802538184
MW3CN3207,36,9787802538184
MW3CN3207,37,9787802538184
MW3CN3207,38,9787802538184
MW3CN3207,39,9787802538184
MW3CN3207,40,9787802538184
MW3CN3207,41,9787802538184
MW3CN3207,42,9787802538184
MW3CN3207,43,9787802538184
MW3CN3207,44,9787802538184
MW3CN3207,45,9787802538184
MW3CN3207,46,9787802538184
MW3CN3207,47,9787802538184
MW3CN3207,48,9787802538184
MW3CN3207,49,9787802538184
MW3CN3215,1,9787802536913
MW3CN3215,2,9787802536913
MW3CN3215,3,9787802536913
MW3CN3215,4,?
MW3CN3215,5,?
MW3CN3215,6,?
MW3CN3403,1,9787805895345
MW3CN3403,2,?
MW3CN3403,3,9787805895345
MW3CN3403,4,9787805895345
MW3CN3403,5,9787805895345
MW3CN3403,6,9787805895345
MW3CN3403,7,9787805895345
MW3CN3404,1,9787805896205
MW3CN3404,2,9787805896205
MW3CN3404,3,9787805896205
MW3CN3404,4,?
MW3CN3404,5,?
MW3CN3404,6,9787805896205
MW3CN3404,7,9787805896205
MW3CN3404,8,9787805896205
MW3CN3411,1,9787805891415
MW3CN3411,2,9787805891415
MW3CN3411,3,?
MW3CN3411,4,9787805891590
MW3CN3411,5,9787805891378
MW3CN3411,6,9787805891378
MW3CN3411,7,9787805891392
MW3CN3411,8,9787805891392
MW3CN3432,1,9787802538535
MW3CN3432,2,9787802538535
MW3CN3432,3,?
MW3CN3432,4,9787802538535
MW3CN4850,1,9789881263216
MW3CN4850,2,9789881263216
MW3CN4850,3,?
MW3CN4855,1,9787223050159
MW3CN4855,2,9787223050173
MW3CN4855,3,9787223050166
MW3CN4855,4,?
MW3CN5561,1,?
MW3CN5561,2,9787223030113
MW3CN5893,1,?
MW3CN5893,2,9787540964962
MW3CN5893,3,9787540965662
MW3CN5893,4,9787540964900
MW3CN5893,5,"6721130964911, 9721540964911"
MW3CN5893,6,?
MW3CN5893,7,9787540964955
MW3CN5893,8,9787540964931
MW3CN5893,9,9721540964942
MW3CN5893,10,"9721540965116, 9787540965716"
MW3CN5893,11,?
MW3CN5893,12,?
MW3CN5893,13,?
MW3CN5893,14,?
MW3CN5893,15,?
MW3CN5893,16,?
MW3CN5893,17,?
MW3CN5893,18,?
MW3CN5893,19,?
MW3CN5893,20,?
MW3CN5910,1,9787501355556
MW3CN5910,2,?
MW3CN5910,3,?
MW3CN5910,4,?
MW3CN5910,5,?
MW3CN5910,6,?
MW3CN5910,7,?
MW3CN5910,9,?
MW3CN5910,10,?
MW3CN5922,1,9787501355532
MW3CN5922,2,?
MW3CN5922,3,?
MW3CN5922,4,?
MW3CN5922,5,?
MW3CN7000,1,9787223049191
MW3CN7000,2,9787223049207
MW3CN7000,3,9787223049214
MW3CN7000,4,9787223050203
MW3CN7000,5,9787223050210
MW3CN7000,6,9787223053365
MW3CN7000,7,9787223053358
MW3CN7000,8,?
MW3CN7000,9,9787223053334
MW3CN7697,1,?
MW3CN7697,2,9787542025319
MW3CN7697,3,9787542025326
MW3CN7697,4,9787542025227
MW3CN7697,5,9787542025289
MW3CN7697,6,9787542025159
MW3CN7697,7,9787542025333
MW3CN7697,8,9787542025234
MW3CN7697,9,9787542025180
MW3CN7697,10,9787542025265
MW3CN7697,11,9787542025340
MW3CN7697,12,9787542025241
MW3CN7697,13,9787542025296
MW3CN7697,14,9787542025302
MW3CN7697,15,9787542025197
MW3CN7697,16,9787542025203
MW3CN7697,17,9787542025272
MW3CN7697,18,?
MW3CN7697,19,9787542025173
MW3CN7697,20,?
MW3CN7776,1,9787542025357
MW3CN7776,2,9787542025364
MW3CN7776,3,9787542025371
MW3CN7776,4,9787542025388
MW3CN7776,5,?
MW3CN7776,6,9787542025401
MW3CN7776,7,9787542025418
MW3CN7776,8,9787542025425
MW3CN7776,9,9787542025432
MW3CN7776,10,9787542025449
MW3CN8060,1,9787802536791
MW3CN8060,2,9787802536791
MW3CN8060,3,9787802536791
MW3CN8060,4,9787802536791
MW3CN8060,5,?
MW3CN8070,1,?
MW3CN8070,2,?
MW3CN8070,3,?
MW3CN8070,4,?
MW3CN8070,5,9787540957087
MW3CN8070,6,?
MW3CN8070,7,?
MW3PD188,1,?
MW3PD188,2,?
MW3PD188,3,?
MW3PD188,4,?
MW3PD188,5,?
MW3PD188,6,?
MW3PD188,7,?
MW3PD188,8,?
MW3PD188,9,?
MW3PD188,10,?
MW3PD188,11,?
MW3PD188,12,?
MW3PD188,13,?
MW3PD188,14,?
MW3PD188,15,?
MW3PD188,16,?
MW3PD188,17,?
MW3PD188,18,9787802535633
MW3PD232,1,?
MW3PD232,2,9787542020932
MW3PD393,1,?
MW3PD393,2,9787105128501
MW4CZ294923,1,?
MW4CZ294923,2,9788189017576
MW4CZ295072,1,?
MW4CZ295072,2,9788189017019
MW4CZ295072,3,?
MW4CZ295072,4,?
MW4CZ315269,1,?
MW4CZ315269,2,?
MW4CZ315269,11,9789937202916
MW4CZ315269,13,9789937202916
MW4CZ354966,1,9787521100815
MW4CZ354966,2,9787521100822
MW4CZ354966,3,9787521100839
MW4CZ354966,4,9787521100846
MW4CZ354966,5,?
MW4CZ354966,6,9787521100860
MW4CZ354966,7,9787521100877
MW4CZ354966,8,9787521100884
MW4CZ354966,9,"6787111100891, 9787521100891"
MW4CZ354966,10,9787521100907
MW4CZ364069,1,?
MW4CZ364069,2,?
MW4CZ364069,3,9787542138040
MW4CZ364098,1,9787105147489
MW4CZ364098,2,?
MW4CZ57130,1,5781821890876
MW4CZ57130,2,?
MW4CZ57130,3,?
MW4CZ57130,4,5781881890816
MW4CZ57130,5,?
MW4CZ57130,6,?
MW4PD2393,1,?
MW4PD2393,2,?
MW4PD2393,3,9787521101331
MW4PD2393,4,?
MW4PD2393,5,?
MW4PD2393,6,?
MW4PD2393,7,?
MW4PD2393,8,?
MW4PD2393,9,?
MW4PD2393,10,0014100004806
MW4PD2393,11,?
MW4PD2393,12,0013100005783
MW4PD2393,13,?
MW4PD2393,14,?
MW4PD2393,15,"0013418000081, 0014100004189"
MW4PD2393,16,9787521101331
MW4PD2393,17,?
MW4PD2393,18,?
MW4PD2393,19,?
MW4PD2393,20,?
MW4PD2393,21,9787521101331
MW4PD2393,22,?
MW4PD2393,23,?
MW4PD2393,24,?
MW4PD2393,25,?
MW4PD2393,26,?
MW4PD2393,27,?
MW4PD2393,28,9787521101331
MW4PD2393,29,9787521101331
MW4PD2393,30,?
MW4PD2393,31,9787521101331
MW4PD2393,32,9787521101331
MW4PD2393,33,?
MW4PD2393,34,9787521101331
MW4PD2393,35,9787521101331
MW4PD2393,36,9787521101331
MW4PD2393,37,9787521101331
MW4PD2393,38,?
MW4PD2393,39,?
MW4PD502,1,?
MW4PD502,2,?
MW4PD502,3,?
MW4PD502,4,?
MW4PD502,5,?
MW4PD502,6,?
MW4PD502,7,?
MW4PD502,8,?
MW4PD502,9,?
MW4PD502,10,?
MW4PD502,11,?
MW4PD502,12,?
MW4PD502,13,?
MW4PD502,14,?
MW4PD502,15,?
MW4PD502,16,?
MW4PD502,17,?
MW4PD502,18,?
MW4PD502,19,?
MW4PD502,20,?
MW4PD502,21,?
MW4PD502,22,?
MW4PD502,23,?
MW4PD502,24,?
MW4PD502,25,?
MW4PD502,26,?
MW4PD502,27,?
MW4PD502,28,?
MW4PD502,29,?
MW4PD502,30,?
MW4PD502,31,?
MW4PD502,32,?
MW4PD502,33,?
MW4PD502,34,?
MW4PD502,35,?
MW4PD502,36,?
MW4PD502,37,?
MW4PD502,38,?
MW4PD502,39,?
MW4PD502,40,?
MW4PD502,41,?
MW4PD502,42,?
MW4PD502,43,?
MW4PD502,44,?
MW4PD502,45,?
MW4PD502,46,?
MW4PD502,47,?
MW4PD502,48,?
MW4PD502,49,?
MW4PD502,50,?
MW4PD502,51,?
MW4PD502,52,?
MW4PD502,53,?
MW4PD502,54,?
MW4PD502,55,?
MW4PD502,56,?
MW4PD502,57,?
MW4PD502,58,?
MW4PD502,59,?
MW4PD502,60,?
MW4PD502,61,?
MW4PD502,62,?
MW4PD502,63,?
MW4PD502,64,?
MW4PD502,65,?
MW4PD502,66,?
MW4PD502,67,?
MW4PD502,68,?
MW4PD502,69,?
MW4PD502,70,?
MW4PD502,71,?
MW4PD502,72,?
MW4PD502,73,?
MW4PD502,74,?
MW4PD502,75,?
MW4PD502,76,?
MW4PD502,77,?
MW4PD502,78,?
MW4PD502,79,?
MW4PD502,80,?
MW4PD502,81,?
MW4PD502,82,?
MW4PD502,83,?
MW4PD502,84,?
MW4PD502,85,?
MW4PD502,86,?
MW4PD502,87,?
MW4PD502,88,?
MW4PD502,89,?
MW4PD502,90,?
MW4PD502,91,?
MW4PD502,92,?
MW4PD502,93,?
MW4PD502,94,?
MW4PD502,95,?
MW4PD502,96,?
MW4PD502,97,?
MW4PD502,98,?
MW4PD502,99,?
MW4PD502,100,?
MW4PD502,101,?
MW4PD502,102,?
MW4PD502,103,?
MW4PD502,104,?
MW4PD502,105,?
MW4PD502,106,?
MW4PD502,107,?
MW4PD502,108,?
MW4PD502,109,?
MW4PD502,110,?
MW4PD502,111,?
MW4PD502,112,?
MW4PD502,113,?
MW4PD502,114,?
MW4PD502,115,?
MW4PD502,116,?
MW4PD502,117,?
MW4PD502,118,?
MW4PD502,119,?
MW4PD502,120,?
MW4PD502,121,?
MW4PD502,122,?
MW4PD502,123,?
MW4PD502,124,?
MW4PD502,125,?
MW4PD502,126,?
MW4PD502,127,?
MW4PD502,128,?
MW4PD502,129,?
MW4PD502,130,?
MW4PD502,131,?
MW4PD502,132,?
MW4PD502,133,?
MW4PD502,134,?
MW4PD502,135,?
MW4PD502,136,?
MW4PD502,137,?
MW4PD502,138,?
MW4PD502,139,?
MW4PD502,140,?
MW4PD502,141,?
MW4PD502,142,?
MW4PD502,143,?
MW4PD502,144,?
MW4PD502,145,?
MW4PD502,146,?
MW4PD502,147,?
MW4PD502,148,?
MW4PD502,149,?
MW4PD502,150,9787542129284
MW4PD502,151,"9787542129284, 6787712129284"
MW8CZ260,1,?
MW8CZ260,2,9787540980382
MW8LS17499,1,?
MW8LS17499,2,9787542128348
MW8LS17499,3,?
MW8LS20344,1,9787802538313
MW8LS20344,2,9787802538313
MW8LS20344,3,9787802538313
MW8LS20344,4,9787802538313
MW8LS20344,5,9787802538313
MW8LS20344,6,?
MW8LS20344,7,9787802538313
MW8LS20344,9,9787802538313
MW8LS20344,10,9787802538313
MW8LS20344,11,9787802538313
MW8LS20344,12,9787802538313
MW8LS20344,13,9787802538313
MW8LS20344,14,9787802538313
MW8LS20344,15,?
MW8LS20344,16,9787802538313
MW8LS20344,17,9787802538313
MW8LS20344,18,9787802538313
MW8LS20344,19,9787802538313
MW8LS20344,20,9787802538313
MW8LS20344,21,9787802538313
MW8LS20344,22,?
MW8LS20344,23,9787802538313
MW8LS20344,24,9787802538313
MW8LS20344,25,9787802538313
MW8LS20390,1,?
MW8LS20390,2,9787802536845
MW8LS20390,3,9787802536845
MW8LS20390,4,9787802536845
MW8LS20390,5,9787802536845
MW8LS20390,6,9787802536845
MW8LS20390,7,?
MW8LS20390,8,9787802536845
MW8LS20390,9,9787802536845
MW8LS20390,10,9787802536845
MW8LS20390,11,9787802536845
MW8LS20390,12,9787802536845
MW8LS20390,13,9787802536845
MW8LS20390,14,9787802536845
MW8LS20390,15,9787802536845
MW8LS20390,16,9787802536845
MW8LS20390,17,9787802536845
MW8LS20390,18,9787802536845
MW8LS20390,19,9787802536845
MW8LS20390,20,9787802536845
MW8LS20390,21,9787802536845
MW8LS20390,22,9787802536845
MW8LS20390,23,9787802536845
MW8LS20604,1,9787540943486
MW8LS20604,2,?
MW8LS66417,1,9787542114822
MW8LS66417,3,?
MW8LS66417,4,?
MW8LS66417,5,?
MW8LS66417,6,?
MW8LS66417,7,?
MW8LS66417,8,?
MW8LS66417,9,?
MW8LS66417,10,?
MW8LS66488,1,9788189165895
MW8LS66488,2,?
MW8LS66735,1,9787223056625
MW8LS66735,2,9787223054416
MW8LS66735,3,9787223055697
MW8LS66735,4,9787223055666
MW8LS66735,5,?
MW8LS66735,6,?
MW8LS66735,7,?
MW8LS66735,8,9787223054454
MW8LS66768,1,9787223059695
MW8LS66768,2,?
MW8LS66789,1,?
MW8LS66789,2,9787223053716
MW8LS73740,1,?
MW8LS73740,2,9789624502664
MW8LS73740,3,9787540930967
MW8LS73740,4,9787542138897
MW8LS75802,2,9789380091129
MW8LS75802,3,?
MW8LS75802,6,?
MW8LS75802,11,?
MW8LS75947,1,9787542034502
MW8LS75947,2,9787542034502
MW8LS75947,3,9787542034472
MW8LS75947,4,?
MW8LS75947,5,9787542034519
MW8LS75947,6,9787542034496
MW8LS75947,7,9787542034489
MW8LS75947,8,9787542034526
MW8LS75947,9,9787542034526
MW8LS75965,1,9787542033598
MW8LS75965,2,9787542033598
MW8LS75965,3,9787542033598
MW8LS75965,4,9787542033598
MW8LS75965,5,9787542033598
MW8LS75965,6,9787542033598
MW8LS75965,7,?
MW8LS75974,1,9787542031419
MW8LS75974,2,9787542035301
MW8LS75974,3,9787542035301
MW8LS75974,4,9787542031471
MW8LS75974,5,9787542031488
MW8LS75974,6,9787542031464
MW8LS75974,7,9787542031457
MW8LS75974,8,9787542031440
MW8LS75974,9,?
MW8LS75974,10,9787542035318
MW8LS75974,11,9787542031402
MW8LS75974,12,9787542035370
MW8LS75974,13,9787542035325
MW8LS75974,14,9787542035349
MW8LS75974,15,9787542035363
MW8LS75974,16,9787542031433
MW8LS75974,17,9787542031396
MW8LS75974,18,9787542035295
MW8LS75974,19,9787542035332
MW8LS75974,20,9787542035288
MW8LS76126,1,?
MW8LS76126,2,?
MW8LS76126,3,?
MW8LS76126,4,?
MW8LS76126,5,?
MW8LS76126,6,?
MW8LS76126,7,9787540922559
MW8LS77509,1,9787800570315
MW8LS77509,2,?
MW8LS77509,3,9787800570421
