MW00KG08362,1,9787542006233
MW00KG08362,2,9787542006240
MW00KG08362,3,9787542006257
MW00KG08362,4,9787542006264
MW00KG08362,5,9787542006271
MW00KG08362,6,9787542006288

MW16936,1,9787542006547
MW16936,2,9787542006851
MW16936,3,9787542006882
MW16936,4,9787542007087
MW16936,5,9787542006998
MW16936,6,9787542008404

MW1AC278,1,9787542020482
MW1AC278,2,9787542020505
MW1AC278,3,9787542020529

MW1AC330,1,9787542021021
MW1AC330,2,9787542021038
MW1AC330,3,9787542021045
MW1AC330,4,9787542021052
MW1AC330,5,9787542021069
MW1AC330,6,9787542021076
MW1AC330,7,9787542021083
MW1AC330,8,9787542021106
MW1AC330,9,9787542021113
MW1AC330,10,9787542021090
MW1AC330,11,9787542021120
MW1AC330,12,9787542021137
MW1AC330,13,9787542021144
MW1AC330,14,9787542021151
MW1AC330,15,9787542021168
MW1AC330,16,9787542021175
MW1AC330,17,9787542021182
MW1AC330,18,9787542021199
MW1AC330,19,9787542021205
MW1AC330,20,9787542021212

MW1KG17456,1,9788192881102
MW1KG17456,2,9788192881119
MW1KG17456,3,9788192881126
MW1KG17456,4,9788192881133
MW1KG17456,5,9788192881140
MW1KG17456,6,9788192881157
MW1KG17456,7,9788192881164
MW1KG17456,8,9788192881171
MW1KG17456,9,9788192881188
MW1KG17456,10,9788192881195
MW1KG17456,11,9789383859009
MW1KG17456,12,9789383859016
MW1KG17456,13,9789383859023
MW1KG17456,14,9789383859030
MW1KG17456,15,9789383859047
MW1KG17456,16,9789383859054
MW1KG17456,17,9789383859061
MW1KG17456,18,9789383859078
MW1KG17456,19,9789383859085
MW1KG17456,20,9789383859092
MW1KG17456,21,9789383859108
MW1KG17456,22,9789383859115

MW1KG18573,1,9787540939120
MW1KG18573,2,9787540939113
MW1KG18573,3,9787540939106

MW1KG20990,1,9789383441150
MW1KG20990,2,9789383441167

MW1KG23421,1,9789380359878
MW1KG23421,2,9789383441006
MW1KG23421,3,9789383441099
MW1KG23421,4,9789383441129
MW1KG23421,5,9789383441365
MW1KG23421,9,9789383441778

MW1KG24110,1,9189380097006
MW1KG24110,2,9789380091006
MW1KG24110,3,9789380091006

MW1KG26089,2,9789382020028
MW1KG26089,3,9789382020035
MW1KG26089,4,9789382020042
MW1KG26089,5,9789382020059
MW1KG26089,6,9789382020066
MW1KG26089,7,9789382020073
MW1KG26089,8,9789382020080
MW1KG26089,9,9789382020097
MW1KG26089,10,9789382020103
MW1KG26089,11,9789382020110
MW1KG26089,12,9789382020127
MW1KG26089,13,9789382020134
MW1KG26089,14,9789382020141
MW1KG26089,15,9789382020158
MW1KG26089,16,9789382020165
MW1KG26089,17,9789382020172
MW1KG26089,18,9789382020189
MW1KG26089,19,9789382020189
MW1KG26089,20,9789382020202
MW1KG26089,21,9789382020202
MW1KG26089,22,9789382020202
MW1KG26089,23,9789382020202
MW1KG26089,29,9789382020295

MW1KG820,1,9788190481045
MW1KG820,2,9788190481052

MW1PD137841,1,9787802531833
MW1PD137841,2,9787802531840
MW1PD137841,3,9787802531857
MW1PD137841,4,9787802531864
MW1PD137841,5,9787802531871
MW1PD137841,6,9787802532212
MW1PD137841,7,9787802532229
MW1PD137841,8,9787802532236
MW1PD137841,9,9787802532243
MW1PD137841,10,9787802532250
MW1PD137841,11,9787802535145
MW1PD137841,12,9787802535152
MW1PD137841,13,9787802535169
MW1PD137841,14,9787802535176
MW1PD137841,15,9787802535183
MW1PD137841,16,9787802535190
MW1PD137841,17,9787802535206
MW1PD137841,18,9787802535213
MW1PD137841,19,9787802535220
MW1PD137841,20,9787802535237

MW1PD137856,1,9787542015419
MW1PD137856,2,9787542015402
MW1PD137856,3,9787542015396

MW1PD137888,1,9787802532328
MW1PD137888,2,9787802532991

MW1PD152303,1,9787105115471
MW1PD152303,2,9787105115464

MW1PD159451,1,9787105111268
MW1PD159451,2,9787105111275
MW1PD159451,3,9787105111251
MW1PD159451,4,9787105115303
MW1PD159451,5,9787105111664
MW1PD159451,6,9787105115341
MW1PD159451,7,9787105115280
MW1PD159451,8,9787105111657
MW1PD159451,9,9787105115327
MW1PD159451,10,9787105115310
MW1PD159451,11,9787105111626
MW1PD159451,12,9787105119554

MW1PD159454,1,9787105121472
MW1PD159454,2,9787105121595
MW1PD159454,3,9787105121588
MW1PD159454,4,9787105121557
MW1PD159454,5,9787105121571
MW1PD159454,6,9787105121540
MW1PD159454,7,9787105121533
MW1PD159454,8,9787105121519
MW1PD159454,9,9787105121502
MW1PD159454,10,9787105121564

MW1PD159455,1,9787105119325
MW1PD159455,2,9787105119332
MW1PD159455,3,9787105119349
MW1PD159455,4,9787105119318
MW1PD159455,5,9787105119356
MW1PD159455,6,9787105119288
MW1PD159455,7,9787105119295
MW1PD159455,8,9787105119301
MW1PD159455,9,9787105119387
MW1PD159455,10,9787105119363
MW1PD159455,11,9787105119394
MW1PD159455,12,9787105119370

MW1PD180878,1,9787542018144
MW1PD180878,2,9787542018144
MW1PD180878,3,9787542018144
MW1PD180878,4,9787542018144
MW1PD180878,5,9787542018144
MW1PD180878,6,9787542018144
MW1PD180878,7,9787542018144
MW1PD180878,8,9787542018144
MW1PD180878,9,9787542018144
MW1PD180878,10,9787542018144
MW1PD180878,11,9787542018144
MW1PD180878,12,9787542018144
MW1PD180878,13,9787542018144
MW1PD180878,14,9787542018144
MW1PD180878,15,9787542018144
MW1PD180878,16,9787542018144
MW1PD180878,17,9787542018144
MW1PD180878,18,9787542018144
MW1PD180878,19,9787542018144
MW1PD180878,20,9787542018144
MW1PD180878,21,9787542018144
MW1PD180878,22,9787542018144
MW1PD180878,23,9787542018144
MW1PD180878,24,9787542018144
MW1PD180878,25,9787542018144
MW1PD180878,26,9787542018144
MW1PD180878,27,9787542018144
MW1PD180878,28,9787542018144
MW1PD180878,29,9787542018144
MW1PD180878,30,9787542018144
MW1PD180878,31,9787542018137

MW1PD89051,1,9787540932497
MW1PD89051,2,9787540932497
MW1PD89051,3,9787540932497
MW1PD89051,4,9787540932497
MW1PD89051,5,9787540932497
MW1PD89051,6,9787540932497
MW1PD89051,7,9787540932497
MW1PD89051,8,9787540932497
MW1PD89051,9,9787540932497
MW1PD89051,10,9787540932497
MW1PD89051,11,9787540932497
MW1PD89051,12,9787540932497
MW1PD89051,13,9787540932497
MW1PD89051,14,9787540932497
MW1PD89051,15,9787540932497
MW1PD89051,16,9787540932497
MW1PD89051,17,9787540932497
MW1PD89051,18,9787540932497
MW1PD89051,19,9787540932497
MW1PD89051,20,9787540932497
MW1PD89051,21,9787540932497
MW1PD89051,22,9787540932497
MW1PD89051,23,9787540932497
MW1PD89051,24,9787540932497
MW1PD89051,25,9787540932497
MW1PD89051,26,9787540932497
MW1PD89051,27,9787540932497
MW1PD89051,28,9787540932497
MW1PD89051,29,9787540932497
MW1PD89051,30,9787540932497
MW1PD89051,31,9787540932510

MW1PD96438,1,9789624501667
MW1PD96438,2,9789624501711
MW1PD96438,3,9789624501728

MW23847,1,9787105050499
MW23847,2,9787105064229
MW23847,4,9787105097944

MW24672,1,9787540927691
MW24672,2,9787540927707

MW28849,1,9787540925352
MW28849,2,9787540925352
MW28849,3,9787540925345
MW28849,4,9787540925352
MW28849,5,9787540925345
MW28849,6,9787540925352

MW29513,1,9787105070046
MW29513,2,9787105070053
MW29513,3,9787105070060
MW29513,4,9787105070077
MW29513,5,9787105070084

MW2KG209078,1,9787542030863
MW2KG209078,2,9787542030870

MW2KG209079,1,9787542030276
MW2KG209079,2,9787542030283

MW2KG209080,1,9787542030139
MW2KG209080,2,9787542030146

MW2KG209082,1,9787542030832
MW2KG209082,2,9787542030849

MW2KG212709,1,9787542136107
MW2KG212709,2,9787542136060
MW2KG212709,3,9787542136077
MW2KG212709,4,9787542135872
MW2KG212709,5,9787542136084
MW2KG212709,6,9787542136114
MW2KG212709,7,9787542136008

MW2KG212710,1,9787542146496
MW2KG212710,2,9787542146489
MW2KG212710,3,9787542146465
MW2KG212710,4,9787542146472

MW2KG234653,1,9788192489605
MW2KG234653,2,9788192489612
MW2KG234653,3,9788192489629
MW2KG234653,4,9788192489636
MW2KG234653,5,9788192489643

MW2PD17603,1,9787802533493
MW2PD17603,2,9787802533462
MW2PD17603,3,9787802533479
MW2PD17603,4,9787802533455
MW2PD17603,5,9787802533486

MW2PD19364,1,9787561436752
MW2PD19364,2,9787561441336
MW2PD19364,3,9787561444832
MW2PD19364,4,9787561452059
MW2PD19364,5,9787561458723
MW2PD19364,6,9787561473900
MW2PD19364,7,9787802537309

MW30019,1,9787542009258
MW30019,2,9787542009265

MW3CN21559,1,9787805899190
MW3CN21559,2,9787805899244
MW3CN21559,3,9787805899251

MW3CN6906,1,9787542027801
MW3CN6906,2,9787542027818
MW3CN6906,3,9787542027825

MW3PD109,1,9787503118401
MW3PD109,2,9787503118418
MW3PD109,3,9787503118425
MW3PD109,4,9787503105593
MW3PD109,5,9787503103841
MW3PD109,6,9787503103858
MW3PD109,7,9787503118432
MW3PD109,8,9787503118449

MW4CZ294736,1,9788189017491
MW4CZ294736,2,9788189017484

MW4CZ295927,3,9788192326368
MW4CZ295927,4,9789384244583

MW4CZ296777,1,9789383441877
MW4CZ296777,2,9789383441884
MW4CZ296777,3,9789383441891

MW4CZ332941,1,9789382205159
MW4CZ332941,2,9789382205166

MW4CZ34105,1,9787105124091
MW4CZ34105,2,9787105124107
MW4CZ34105,3,9787105124114
MW4CZ34105,4,9787105124121
MW4CZ34105,5,9787105124138
MW4CZ34105,6,9787105124145
MW4CZ34105,7,9787105124152
MW4CZ34105,8,9787105124169
MW4CZ34105,9,9787105124176
MW4CZ34105,10,9787105124183

MW4PD3075,1,9787542025678
MW4PD3075,2,9787542025678
MW4PD3075,3,9787542025678
MW4PD3075,4,9787542025678
MW4PD3075,5,9787542025678
MW4PD3075,6,9787542025678
MW4PD3075,7,9787542025678
MW4PD3075,8,9787542025678
MW4PD3075,9,9787542025678
MW4PD3075,10,9787542025678
MW4PD3075,11,9787542025678
MW4PD3075,12,9787542025678
MW4PD3075,13,9787542025678
MW4PD3075,14,9787542025678
MW4PD3075,15,9787542025678
MW4PD3075,16,9787542025678
MW4PD3075,17,9787542025678
MW4PD3075,18,9787542025678
MW4PD3075,19,9787542025678
MW4PD3075,20,9787542025678
MW4PD3075,21,9787542025678
MW4PD3075,22,9787542025678
MW4PD3075,23,9787542025678
MW4PD3075,24,9787542025678
MW4PD3075,25,9787542025678
MW4PD3075,26,9787542025678
MW4PD3075,27,9787542025678
MW4PD3075,28,9787542025678
MW4PD3075,29,9787542025678
MW4PD3075,30,9787542025678
MW4PD3075,31,9787542025661

MW8LS18012,1,9789380282398
MW8LS18012,2,9789380282411
MW8LS18012,3,9789380282435

MW8LS20236,1,9787802538092
MW8LS20236,2,9787802538108
MW8LS20236,3,9787802538115
MW8LS20236,4,9787802538122
MW8LS20236,5,9787802538139
MW8LS20236,6,9787802538146
MW8LS20236,7,9787802538153
MW8LS20236,8,9787802538160
MW8LS20236,9,9787802538177

MW8LS20421,1,9787805890760
MW8LS20421,2,9787805890760
MW8LS20421,3,9787805890784

MW8LS20454,1,9787542116536
MW8LS20454,2,9787542114013
MW8LS20454,3,9787542117878

MW8LS20699,1,9787540949174
MW8LS20699,2,9787540950484

MW8LS36351,1,9788192641133
MW8LS36351,2,9788192641126
MW8LS36351,3,9788192641119
MW8LS36351,4,9788192641102

MW8LS36356,1,9788190481007
MW8LS36356,2,9788190481014
MW8LS36356,3,9788190481021

MW8LS42293,1,9787542026026
MW8LS42293,2,9787542026033
MW8LS42293,3,9787542026040
MW8LS42293,4,9787542026057
MW8LS42293,5,9787542026064

MW8LS66264,1,9788193581223
MW8LS66264,2,9788193581230

MW8LS73566,1,9789579764216
MW8LS73566,2,9789579764223

MW8LS73722,1,9787566016188
MW8LS73722,2,9787566016195
MW8LS73722,3,9787566016201
MW8LS73722,4,9787566016218
MW8LS73722,5,9787566016225
MW8LS73722,6,9787566016232
MW8LS73722,7,9787566016249
MW8LS73722,8,9787566016256
MW8LS73722,9,9787566016263

MW8LS73765,1,9789881263230
MW8LS73765,2,9789881263230
MW8LS73765,3,9789881263230
MW8LS73765,4,9789881263230
MW8LS73765,5,9789881263230
MW8LS73765,6,9789881263230
MW8LS73765,7,9789881263230
MW8LS73765,8,9789881263230
MW8LS73765,9,9789881263230
MW8LS73765,10,9789881263230
MW8LS73765,11,9789881263247
MW8LS73765,12,9789881263247
MW8LS73765,13,9789881263247
MW8LS73765,14,9789881263247
MW8LS73765,15,9789881263247
MW8LS73765,16,9789881263247
MW8LS73765,17,9789881263247
MW8LS73765,18,9789881263247
MW8LS73765,19,9789881263247
MW8LS73765,20,9789881263247

MW8LS75732,1,9787542033024
MW8LS75732,2,9787542033031
MW8LS75732,3,9787542033215
MW8LS75732,4,9787542033048
MW8LS75732,5,9787542033062
MW8LS75732,6,9787542033055
MW8LS75732,7,9787542033079
MW8LS75732,8,9787542033086
MW8LS75732,9,9787542033093
MW8LS75732,10,9787542033109
MW8LS75732,11,9787542033116
MW8LS75732,12,9787542033123
MW8LS75732,13,9787542033130
MW8LS75732,14,9787542033147
MW8LS75732,15,9787542033154
MW8LS75732,16,9787542033161
MW8LS75732,17,9787542033178
MW8LS75732,18,9787542033185
MW8LS75732,19,9787542033192
MW8LS75732,20,9787542033208

MW8LS75996,1,9787542034656
MW8LS75996,2,9787542034632
MW8LS75996,3,9787542034601
MW8LS75996,4,9787542034625
MW8LS75996,5,9787542034670
MW8LS75996,6,9787542034687
MW8LS75996,7,9787542034618
MW8LS75996,8,9787542034663
MW8LS75996,9,9787542034694
MW8LS75996,10,9787542034649

MW8LS76008,1,9787542033383
MW8LS76008,2,9787542033390

MW8LS76026,1,9787542035585
MW8LS76026,2,9787542035554
MW8LS76026,3,9787542035561
MW8LS76026,4,9787542035660
MW8LS76026,5,9787542035578
MW8LS76026,6,9787542035653

MW8LS76039,1,9787542035738
MW8LS76039,2,9787542036612
MW8LS76039,3,9787542036605
MW8LS76039,4,9787542036629
MW8LS76039,5,9787542036599

MW8LS76057,1,9787542035974
MW8LS76057,2,9787542035967
MW8LS76057,3,9787542036155

MW8LS76343,1,9787542036919
MW8LS76343,2,9787542036926
MW8LS76343,3,9787542036933

MW8LS76348,1,9787542037008
MW8LS76348,2,9787542037015
MW8LS76348,3,9787542037022

