MW00EGS1016928,1,7542110527,?
MW00EGS1016928,2,7542110527,9787542110527

MW00KG08443,1,"7105074035, 7105081406, 9787105091461, , 9787105100187, 9787542116192",9787105074037
MW00KG08443,2,"7105074035, 7105081406, 9787105091461, , 9787105100187, 9787542116192",9787105081400
MW00KG08443,3,"7105074035, 7105081406, 9787105091461, , 9787105100187, 9787542116192",9787105091461
MW00KG08443,4,"7105074035, 7105081406, 9787105091461, , 9787105100187, 9787542116192",?
MW00KG08443,5,"7105074035, 7105081406, 9787105091461, , 9787105100187, 9787542116192",?

MW00PD1011327,1,7105080116,?
MW00PD1011327,2,7105080116,9787105080113

MW18123,1,7105027789,9787105027781
MW18123,2,7105027789,9787105027798
MW18123,3,7105027789,9787105027804
MW18123,4,7105027789,?
MW18123,5,7105027789,?
MW18123,6,7105027789,?

MW18134,1,7542103784,?
MW18134,2,7542103784,9787542105592

MW19949,1,7105029870,?
MW19949,2,7105029870,9787105029877

MW1AC16,1,,9787223047531
MW1AC16,2,,?
MW1AC16,3,,?
MW1AC16,4,,?
MW1AC16,5,,?
MW1AC16,6,,?
MW1AC16,7,,?
MW1AC16,8,,?

MW1AC245,1,9787105132683,?
MW1AC245,2,9787105132683,?
MW1AC245,3,9787105132683,9787105132683

MW1AC253,1,"9787105128839, 9787105118380, 9787105118397, 9787105128846",9787105128839
MW1AC253,2,"9787105128839, 9787105118380, 9787105118397, 9787105128846",9787105118380
MW1AC253,3,"9787105128839, 9787105118380, 9787105118397, 9787105128846",9787105118397
MW1AC253,4,"9787105128839, 9787105118380, 9787105118397, 9787105128846",9787105128846

MW1AC313,1,9787105129065,?
MW1AC313,2,9787105129065,9787105129065

MW1AC314,1,9787105128143,?
MW1AC314,2,9787105128143,9787105128143

MW1AC399,1,"9771672686052, 9771672686045, 9771674924107, 9771674924121",?
MW1AC399,2,"9771672686052, 9771672686045, 9771674924107, 9771674924121",?
MW1AC399,3,"9771672686052, 9771672686045, 9771674924107, 9771674924121",9771672686052
MW1AC399,4,"9771672686052, 9771672686045, 9771674924107, 9771674924121",9771672686052
MW1AC399,5,"9771672686052, 9771672686045, 9771674924107, 9771674924121",9771672686052
MW1AC399,6,"9771672686052, 9771672686045, 9771674924107, 9771674924121",9771672686045
MW1AC399,7,"9771672686052, 9771672686045, 9771674924107, 9771674924121",9771672686045
MW1AC399,8,"9771672686052, 9771672686045, 9771674924107, 9771674924121",9771672686045
MW1AC399,9,"9771672686052, 9771672686045, 9771674924107, 9771674924121",9771672686045
MW1AC399,10,"9771672686052, 9771672686045, 9771674924107, 9771674924121",9771672686045
MW1AC399,11,"9771672686052, 9771672686045, 9771674924107, 9771674924121",9771672686045
MW1AC399,12,"9771672686052, 9771672686045, 9771674924107, 9771674924121",9771672686045
MW1AC399,13,"9771672686052, 9771672686045, 9771674924107, 9771674924121",9771672686045
MW1AC399,14,"9771672686052, 9771672686045, 9771674924107, 9771674924121",9771674924107
MW1AC399,15,"9771672686052, 9771672686045, 9771674924107, 9771674924121",9771674924107
MW1AC399,16,"9771672686052, 9771672686045, 9771674924107, 9771674924121",9771674924107
MW1AC399,17,"9771672686052, 9771672686045, 9771674924107, 9771674924121",9771674924107
MW1AC399,18,"9771672686052, 9771672686045, 9771674924107, 9771674924121",?
MW1AC399,19,"9771672686052, 9771672686045, 9771674924107, 9771674924121",9771674924121
MW1AC399,20,"9771672686052, 9771672686045, 9771674924107, 9771674924121",9771674924121
MW1AC399,21,"9771672686052, 9771672686045, 9771674924107, 9771674924121",?

MW1AC432,1,9787542126450,?
MW1AC432,2,9787542126450,9787542126450

MW1KG10375,1,9787542116260,?
MW1KG10375,2,9787542116260,?
MW1KG10375,3,9787542116260,?
MW1KG10375,4,9787542116260,?
MW1KG10375,5,9787542116260,?
MW1KG10375,6,9787542116260,?
MW1KG10375,7,9787542116260,?
MW1KG10375,8,9787542116260,?
MW1KG10375,9,9787542116260,?
MW1KG10375,10,9787542116260,?
MW1KG10375,11,9787542116260,?
MW1KG10375,12,9787542116260,?
MW1KG10375,13,9787542116260,9787542116260

MW1KG10687,1,9787542014641,9787542014641
MW1KG10687,2,9787542014641,9787542014641
MW1KG10687,3,9787542014641,9787542014641
MW1KG10687,4,9787542014641,9787542014641
MW1KG10687,5,9787542014641,9787542014641
MW1KG10687,6,9787542014641,9787542014641
MW1KG10687,7,9787542014641,9787542014641
MW1KG10687,8,9787542014641,9787542014641
MW1KG10687,9,9787542014641,9787542014641
MW1KG10687,10,9787542014641,?
MW1KG10687,11,9787542014641,9787542014641
MW1KG10687,12,9787542014641,9787542014641
MW1KG10687,13,9787542014641,9787542014641
MW1KG10687,14,9787542014641,9787542014641
MW1KG10687,15,9787542014641,9787542014641
MW1KG10687,16,9787542014641,9787542014641
MW1KG10687,17,9787542014641,9787542014641
MW1KG10687,18,9787542014641,9787542014641
MW1KG10687,19,9787542014641,9787542014641
MW1KG10687,20,9787542014641,9787542014641
MW1KG10687,21,9787542014641,9787542014641
MW1KG10687,22,9787542014641,?
MW1KG10687,23,9787542014641,9787542014641
MW1KG10687,24,9787542014641,9787542014641
MW1KG10687,25,9787542014641,9787542014641
MW1KG10687,26,9787542014641,9787542014641
MW1KG10687,27,9787542014641,9787542014641
MW1KG10687,28,9787542014641,9787542014641
MW1KG10687,29,9787542014641,9787542014641
MW1KG10687,30,9787542014641,9787542014641
MW1KG10687,31,9787542014641,9787542014658

MW1KG109094,1,9787542115966,?
MW1KG109094,2,9787542115966,9787542115966

MW1KG110449,1,"9789380091204, 9380091206, 9789380091211, 9380091214, 9789380091228, 9380091222",9789380091204
MW1KG110449,2,"9789380091204, 9380091206, 9789380091211, 9380091214, 9789380091228, 9380091222",9789380091211
MW1KG110449,3,"9789380091204, 9380091206, 9789380091211, 9380091214, 9789380091228, 9380091222",9789380091228

MW1KG12589,1,9787540937614,?
MW1KG12589,2,9787540937614,?
MW1KG12589,3,9787540937614,?
MW1KG12589,4,9787540937614,?
MW1KG12589,5,9787540937614,?
MW1KG12589,6,9787540937614,?
MW1KG12589,7,9787540937614,?
MW1KG12589,8,9787540937614,?
MW1KG12589,9,9787540937614,?
MW1KG12589,10,9787540937614,9787540937614
MW1KG12589,11,9787540937614,?

MW1KG13122,1,"9787542014658, 9787542015334",9787542014658
MW1KG13122,2,"9787542014658, 9787542015334",9787542015334

MW1KG13806,1,9788192018911,9722798012911
MW1KG13806,2,9788192018911,9722798012928

MW1KG14136,1,"9789380359526, 9789380359533",9789380359526
MW1KG14136,2,"9789380359526, 9789380359533",9789380359533

MW1KG14464,1,,?
MW1KG14464,2,,?
MW1KG14464,3,,?
MW1KG14464,4,,?
MW1KG14464,5,,9788190643719
MW1KG14464,6,,9788190643702
MW1KG14464,7,,?
MW1KG14464,8,,?
MW1KG14464,29,,?

MW1KG14647,1,8188109010,9788189210052
MW1KG14647,2,8188109010,9788189210069
MW1KG14647,3,8188109010,9788189210076
MW1KG14647,4,8188109010,9788189210083

MW1KG14694,1,"9787805890661, 9787805890684, 9787805890883",9787805890661
MW1KG14694,2,"9787805890661, 9787805890684, 9787805890883",9787805890852
MW1KG14694,3,"9787805890661, 9787805890684, 9787805890883",9787805890685
MW1KG14694,4,"9787805890661, 9787805890684, 9787805890883",9787805890883
MW1KG14694,5,"9787805890661, 9787805890684, 9787805890883",9787805890883

MW1KG14777,1,"9787800579929, 9787800579936, 9787802532571, 9787802534711",9787800579929
MW1KG14777,2,"9787800579929, 9787800579936, 9787802532571, 9787802534711",9787800579936
MW1KG14777,3,"9787800579929, 9787800579936, 9787802532571, 9787802534711",9787802532571
MW1KG14777,4,"9787800579929, 9787800579936, 9787802532571, 9787802534711",9787802534711

MW1KG14896,1,"9787800579875, 9787802532342",?
MW1KG14896,2,"9787800579875, 9787802532342",?
MW1KG14896,3,"9787800579875, 9787802532342",?
MW1KG14896,4,"9787800579875, 9787802532342",?
MW1KG14896,5,"9787800579875, 9787802532342",?
MW1KG14896,6,"9787800579875, 9787802532342",0018000007820
MW1KG14896,7,"9787800579875, 9787802532342",?
MW1KG14896,8,"9787800579875, 9787802532342",?
MW1KG14896,9,"9787800579875, 9787802532342",?
MW1KG14896,10,"9787800579875, 9787802532342",?
MW1KG14896,11,"9787800579875, 9787802532342",?
MW1KG14896,12,"9787800579875, 9787802532342",?

MW1KG15965,1,"9788192681108, 9788192681115, 9788192681122, 9788192681139, 8192681106, 8192681114, 8192681122, 8192681130, 9788192681146",?
MW1KG15965,2,"9788192681108, 9788192681115, 9788192681122, 9788192681139, 8192681106, 8192681114, 8192681122, 8192681130, 9788192681146",?
MW1KG15965,3,"9788192681108, 9788192681115, 9788192681122, 9788192681139, 8192681106, 8192681114, 8192681122, 8192681130, 9788192681146",9788192681122
MW1KG15965,4,"9788192681108, 9788192681115, 9788192681122, 9788192681139, 8192681106, 8192681114, 8192681122, 8192681130, 9788192681146",9788192681139
MW1KG15965,5,"9788192681108, 9788192681115, 9788192681122, 9788192681139, 8192681106, 8192681114, 8192681122, 8192681130, 9788192681146",?

MW1KG16581,1,9787542122001,9787542122001
MW1KG16581,2,9787542122001,9787542121943
MW1KG16581,3,9787542122001,?
MW1KG16581,4,9787542122001,9787542122025
MW1KG16581,5,9787542122001,9787542121998
MW1KG16581,6,9787542122001,9787542121950
MW1KG16581,7,9787542122001,9787542121981
MW1KG16581,8,9787542122001,9787542121967
MW1KG16581,9,9787542122001,?
MW1KG16581,10,9787542122001,9787542121974
MW1KG16581,11,9787542122001,?
MW1KG16581,12,9787542122001,9787542122018

MW1KG16596,1,"9787542013705, 9787542013767, 9787542013699",9787542013705
MW1KG16596,2,"9787542013705, 9787542013767, 9787542013699",9787542013767
MW1KG16596,3,"9787542013705, 9787542013767, 9787542013699",9787542013699

MW1KG17437,1,,9788190864312
MW1KG17437,2,,9788190864329
MW1KG17437,3,,9788190864312
MW1KG17437,4,,9788190864565
MW1KG17437,5,,9788190864459
MW1KG17437,7,,?
MW1KG17437,8,,9788190864893
MW1KG17437,9,,9788190864893
MW1KG17437,10,,9788190864459
MW1KG17437,11,,9788190864480
MW1KG17437,12,,9788190864459
MW1KG17437,13,,9788190864480
MW1KG17437,14,,9788190864459
MW1KG17437,16,,?
MW1KG17437,17,,?
MW1KG17437,21,,?
MW1KG17437,22,,?
MW1KG17437,23,,?
MW1KG17437,24,,?
MW1KG17437,25,,?
MW1KG17437,28,,?
MW1KG17437,29,,9783161484100
MW1KG17437,30,,?
MW1KG17437,58,,?

MW1KG17609,1,"9788186227633, 9788186227640",?
MW1KG17609,2,"9788186227633, 9788186227640",9788186227640

MW1KG18420,1,9788190864329,9788190864329
MW1KG18420,2,9788190864329,?
MW1KG18420,3,9788190864329,9788190864374
MW1KG18420,4,9788190864329,?

MW1KG18425,1,,9789383068104
MW1KG18425,4,,?
MW1KG18425,33,,?

MW1KG18571,1,"9787540939175, 9787540939182, 9787540939199",9787540939175
MW1KG18571,2,"9787540939175, 9787540939182, 9787540939199",9787540939182
MW1KG18571,3,"9787540939175, 9787540939182, 9787540939199",9787540939199

MW1KG20853,2,"9787540939434, 9787540939441",9787540939434
MW1KG20853,3,"9787540939434, 9787540939441",9787540939441

MW1KG2164,1,"9788186227404, 9788186227415",9788186227404
MW1KG2164,2,"9788186227404, 9788186227415",9788186227411

MW1KG23267,1,9787105116300,9787105116300
MW1KG23267,2,9787105116300,?
MW1KG23267,3,9787105116300,?
MW1KG23267,4,9787105116300,?
MW1KG23267,5,9787105116300,?
MW1KG23267,6,9787105116300,?
MW1KG23267,7,9787105116300,?
MW1KG23267,8,9787105116300,?
MW1KG23267,9,9787105116300,?
MW1KG23267,10,9787105116300,?
MW1KG23267,11,9787105116300,?
MW1KG23267,12,9787105116300,?
MW1KG23267,13,9787105116300,?
MW1KG23267,14,9787105116300,?
MW1KG23267,15,9787105116300,?
MW1KG23267,16,9787105116300,?
MW1KG23267,17,9787105116300,?
MW1KG23267,18,9787105116300,?
MW1KG23267,19,9787105116300,?
MW1KG23267,20,9787105116300,?
MW1KG23267,21,9787105116300,?
MW1KG23267,22,9787105116300,?
MW1KG23267,23,9787105116300,?
MW1KG23267,24,9787105116300,?
MW1KG23267,25,9787105116300,?
MW1KG23267,26,9787105116300,?
MW1KG23267,27,9787105116300,?
MW1KG23267,28,9787105116300,?
MW1KG23267,29,9787105116300,?
MW1KG23267,30,9787105116300,?
MW1KG23267,31,9787105116300,?
MW1KG23267,32,9787105116300,?
MW1KG23267,33,9787105116300,?
MW1KG23267,34,9787105116300,?
MW1KG23267,35,9787105116300,?
MW1KG23267,36,9787105116300,?
MW1KG23267,37,9787105116300,?
MW1KG23267,38,9787105116300,?
MW1KG23267,39,9787105116300,?
MW1KG23267,40,9787105116300,?
MW1KG23267,41,9787105116300,?
MW1KG23267,42,9787105116300,?
MW1KG23267,43,9787105116300,?
MW1KG23267,44,9787105116300,?
MW1KG23267,45,9787105116300,?
MW1KG23267,46,9787105116300,?
MW1KG23267,47,9787105116300,?
MW1KG23267,48,9787105116300,?
MW1KG23267,49,9787105116300,?
MW1KG23267,50,9787105116300,?
MW1KG23267,51,9787105116300,?
MW1KG23267,52,9787105116300,?
MW1KG23267,53,9787105116300,?
MW1KG23267,54,9787105116300,?
MW1KG23267,55,9787105116300,?
MW1KG23267,56,9787105116300,?
MW1KG23267,57,9787105116300,?
MW1KG23267,58,9787105116300,?
MW1KG23267,59,9787105116300,?
MW1KG23267,60,9787105116300,?

MW1KG24530,1,"9789383441631, 9789383441648",9789383441631
MW1KG24530,2,"9789383441631, 9789383441648",9789383441648

MW1KG24762,1,9787105132683,?
MW1KG24762,2,9787105132683,?
MW1KG24762,3,9787105132683,9787105132683

MW1KG24809,1,9787105138050,?
MW1KG24809,2,9787105138050,?
MW1KG24809,3,9787105138050,9787105138050

MW1KG24889,1,9787105131594,?
MW1KG24889,2,9787105131594,?
MW1KG24889,3,9787105131594,?
MW1KG24889,4,9787105131594,?
MW1KG24889,5,9787105131594,?
MW1KG24889,6,9787105131594,?
MW1KG24889,7,9787105131594,?
MW1KG24889,8,9787105131594,9787105131594

MW1KG24899,1,9787105128136,?
MW1KG24899,2,9787105128136,9787105128136

MW1KG24977,1,9787105094233,?
MW1KG24977,2,9787105094233,?
MW1KG24977,3,9787105094233,?
MW1KG24977,4,9787105094233,9781105702181
MW1KG24977,5,9787105094233,?
MW1KG24977,7,9787105094233,?

MW1KG25001,2,9787105138975,?
MW1KG25001,3,9787105138975,9787105138975

MW1KG26102,1,"8190244809, 8190244817, 8190244825, 8190244833, 8190244841",?
MW1KG26102,2,"8190244809, 8190244817, 8190244825, 8190244833, 8190244841",9788190244817
MW1KG26102,3,"8190244809, 8190244817, 8190244825, 8190244833, 8190244841",9788190244824
MW1KG26102,4,"8190244809, 8190244817, 8190244825, 8190244833, 8190244841",9788190244831
MW1KG26102,5,"8190244809, 8190244817, 8190244825, 8190244833, 8190244841",9788190244848

MW1KG2733,1,9787802530454,?
MW1KG2733,2,9787802530454,?
MW1KG2733,3,9787802530454,9787802530454

MW1KG9771,1,"754093218X, 7540931914, 7540932260, 7540930942, 7540930950",9787540932183
MW1KG9771,2,"754093218X, 7540931914, 7540932260, 7540930942, 7540930950",9787540931919
MW1KG9771,3,"754093218X, 7540931914, 7540932260, 7540930942, 7540930950",9787540932268
MW1KG9771,4,"754093218X, 7540931914, 7540932260, 7540930942, 7540930950",9787540930943
MW1KG9771,5,"754093218X, 7540931914, 7540932260, 7540930942, 7540930950",9787540930950

MW1PD105864,1,"9787223025225, 9787223027281, 9787223027274",?
MW1PD105864,2,"9787223025225, 9787223027281, 9787223027274",9787223027281
MW1PD105864,3,"9787223025225, 9787223027281, 9787223027274",9787223027274

MW1PD133162,1,"9787540948351, 9787540954185",9787540954185
MW1PD133162,2,"9787540948351, 9787540954185",9787540954185
MW1PD133162,3,"9787540948351, 9787540954185",9787540954185
MW1PD133162,4,"9787540948351, 9787540954185",9787540954185
MW1PD133162,5,"9787540948351, 9787540954185",9787540948351
MW1PD133162,6,"9787540948351, 9787540954185",9787540948351
MW1PD133162,7,"9787540948351, 9787540954185",9787540954185
MW1PD133162,8,"9787540948351, 9787540954185",9787540954185
MW1PD133162,9,"9787540948351, 9787540954185",9787540948351
MW1PD133162,10,"9787540948351, 9787540954185",9787540948351
MW1PD133162,11,"9787540948351, 9787540954185",9787540948351
MW1PD133162,12,"9787540948351, 9787540954185",9787540954185
MW1PD133162,13,"9787540948351, 9787540954185",9787540948351
MW1PD133162,14,"9787540948351, 9787540954185",9787540954185

MW1PD133171,1,9787105116034,?
MW1PD133171,2,9787105116034,?
MW1PD133171,3,9787105116034,?
MW1PD133171,4,9787105116034,?
MW1PD133171,5,9787105116034,?
MW1PD133171,6,9787105116034,?
MW1PD133171,7,9787105116034,9787105116034

MW1PD137798,1,"9787105121885, 9787105121946, 9787105122530, 9787105122547, 9787105122554, 9787105122684, 9787105122592",9787105122561
MW1PD137798,2,"9787105121885, 9787105121946, 9787105122530, 9787105122547, 9787105122554, 9787105122684, 9787105122592",9787105122554
MW1PD137798,3,"9787105121885, 9787105121946, 9787105122530, 9787105122547, 9787105122554, 9787105122684, 9787105122592",9787105122547
MW1PD137798,4,"9787105121885, 9787105121946, 9787105122530, 9787105122547, 9787105122554, 9787105122684, 9787105122592",9787105122684
MW1PD137798,5,"9787105121885, 9787105121946, 9787105122530, 9787105122547, 9787105122554, 9787105122684, 9787105122592",9787105122592

MW1PD137835,1,9787540944018,9787540944018
MW1PD137835,2,9787540944018,?

MW1PD137881,1,9787802533561,?
MW1PD137881,2,9787802533561,?
MW1PD137881,3,9787802533561,?
MW1PD137881,4,9787802533561,?
MW1PD137881,5,9787802533561,?
MW1PD137881,6,9787802533561,?
MW1PD137881,7,9787802533561,?
MW1PD137881,8,9787802533561,?
MW1PD137881,9,9787802533561,?
MW1PD137881,10,9787802533561,9787802533561

MW1PD137886,1,9787802532656,?
MW1PD137886,2,9787802532656,9787802532656

MW1PD152294,1,9787105120666,?
MW1PD152294,2,9787105120666,9787105120666

MW1PD159539,1,9787105124022，9787105124343,9787105124022
MW1PD159539,2,9787105124022，9787105124343,9787105124343

MW1PD181143,1,", , , , , , , ",9787540954574
MW1PD181143,2,", , , , , , , ",9787540954574
MW1PD181143,3,", , , , , , , ",9787540954581
MW1PD181143,4,", , , , , , , ",9787540954581
MW1PD181143,5,", , , , , , , ",9787540954581
MW1PD181143,6,", , , , , , , ",9787540954581
MW1PD181143,7,", , , , , , , ",9787540954598
MW1PD181143,8,", , , , , , , ",9787540954598
MW1PD181143,9,", , , , , , , ",9787540954598
MW1PD181143,10,", , , , , , , ",9787540954598
MW1PD181143,11,", , , , , , , ",9787540954604
MW1PD181143,12,", , , , , , , ",9787540954604
MW1PD181143,13,", , , , , , , ",9787540954604
MW1PD181143,14,", , , , , , , ",9787540954604
MW1PD181143,15,", , , , , , , ",9787540954604
MW1PD181143,16,", , , , , , , ",9787540954611
MW1PD181143,17,", , , , , , , ",9787540954611
MW1PD181143,18,", , , , , , , ",9787540954628
MW1PD181143,19,", , , , , , , ",9787540954635
MW1PD181143,20,", , , , , , , ",9787540954642

MW1PD45098,1,1007354X,?
MW1PD45098,3,1007354X,?
MW1PD45098,4,1007354X,?
MW1PD45098,5,1007354X,?
MW1PD45098,6,1007354X,?
MW1PD45098,7,1007354X,?
MW1PD45098,8,1007354X,?
MW1PD45098,9,1007354X,?
MW1PD45098,10,1007354X,?
MW1PD45098,11,1007354X,?
MW1PD45098,12,1007354X,?
MW1PD45098,13,1007354X,?
MW1PD45098,14,1007354X,?
MW1PD45098,15,1007354X,?
MW1PD45098,16,1007354X,?
MW1PD45098,17,1007354X,?
MW1PD45098,18,1007354X,?
MW1PD45098,19,1007354X,?
MW1PD45098,21,1007354X,?
MW1PD45098,22,1007354X,?
MW1PD45098,23,1007354X,?
MW1PD45098,24,1007354X,?
MW1PD45098,25,1007354X,?
MW1PD45098,26,1007354X,?
MW1PD45098,27,1007354X,?
MW1PD45098,28,1007354X,?
MW1PD45098,29,1007354X,?
MW1PD45098,30,1007354X,?
MW1PD45098,31,1007354X,?
MW1PD45098,32,1007354X,?
MW1PD45098,33,1007354X,?
MW1PD45098,34,1007354X,?
MW1PD45098,35,1007354X,?
MW1PD45098,36,1007354X,?
MW1PD45098,37,1007354X,?
MW1PD45098,38,1007354X,?
MW1PD45098,39,1007354X,?
MW1PD45098,40,1007354X,?
MW1PD45098,41,1007354X,?
MW1PD45098,42,1007354X,?
MW1PD45098,43,1007354X,?
MW1PD45098,44,1007354X,?
MW1PD45098,45,1007354X,?
MW1PD45098,46,1007354X,?
MW1PD45098,47,1007354X,?
MW1PD45098,48,1007354X,?
MW1PD45098,49,1007354X,?
MW1PD45098,50,1007354X,?
MW1PD45098,51,1007354X,?
MW1PD45098,52,1007354X,?
MW1PD45098,53,1007354X,?
MW1PD45098,54,1007354X,?
MW1PD45098,55,1007354X,?
MW1PD45098,60,1007354X,?
MW1PD45098,62,1007354X,?
MW1PD45098,123,1007354X,9772095230204
MW1PD45098,125,1007354X,9772095230211

MW1PD95727,1,7105057467,?
MW1PD95727,2,7105057467,9787105057474
MW1PD95727,3,7105057467,9787105076208
MW1PD95727,4,7105057467,9787105053889
MW1PD95727,5,7105057467,?
MW1PD95727,6,7105057467,9787105057498
MW1PD95727,7,7105057467,9787105076215
MW1PD95727,8,7105057467,9787105076222
MW1PD95727,9,7105057467,9787105076239
MW1PD95727,10,7105057467,9787105076246

MW1PD95844,1,7800571289,9787800571282
MW1PD95844,2,7800571289,9787800572166
MW1PD95844,3,7800571289,9787800572180
MW1PD95844,4,7800571289,9787800572203
MW1PD95844,5,7800571289,9787800572210
MW1PD95844,6,7800571289,9787800572340
MW1PD95844,7,7800571289,9787800572364
MW1PD95844,8,7800571289,9787800572388
MW1PD95844,9,7800571289,9787800572401
MW1PD95844,10,7800571289,9787800572425
MW1PD95844,11,7800571289,9787800572500
MW1PD95844,12,7800571289,9787800572524
MW1PD95844,13,7800571289,9787800572548
MW1PD95844,14,7800571289,9787800572555
MW1PD95844,15,7800571289,9787800572586
MW1PD95844,16,7800571289,9787800572609
MW1PD95844,17,7800571289,9787800572623
MW1PD95844,18,7800571289,9787800572647
MW1PD95844,19,7800571289,9787800572661
MW1PD95844,20,7800571289,9787800572685
MW1PD95844,21,7800571289,9787800573385
MW1PD95844,22,7800571289,9787800573408
MW1PD95844,23,7800571289,9787800573415
MW1PD95844,24,7800571289,9787800573422
MW1PD95844,25,7800571289,9787800573439
MW1PD95844,26,7800571289,9787800573446
MW1PD95844,27,7800571289,9787800573453
MW1PD95844,28,7800571289,9787800573460
MW1PD95844,29,7800571289,9787800573477
MW1PD95844,30,7800571289,9787800573484
MW1PD95844,31,7800571289,9787800573491
MW1PD95844,32,7800571289,9787800573507
MW1PD95844,33,7800571289,9787800573514
MW1PD95844,34,7800571289,9787800573521
MW1PD95844,35,7800571289,9787800573538
MW1PD95844,36,7800571289,9787800573545
MW1PD95844,37,7800571289,9787800573552
MW1PD95844,38,7800571289,9787800573569
MW1PD95844,39,7800571289,9787800573576
MW1PD95844,40,7800571289,9787800573583
MW1PD95844,41,7800571289,9787800573590
MW1PD95844,42,7800571289,9787800573606
MW1PD95844,43,7800571289,9787800573088
MW1PD95844,44,7800571289,9787800573095
MW1PD95844,45,7800571289,9787800573101
MW1PD95844,46,7800571289,9787800573118
MW1PD95844,47,7800571289,9787800573125
MW1PD95844,48,7800571289,9787800573132
MW1PD95844,49,7800571289,9787800573149
MW1PD95844,50,7800571289,9787800573156
MW1PD95844,51,7800571289,9787800573781
MW1PD95844,52,7800571289,9787800573736
MW1PD95844,53,7800571289,?
MW1PD95844,54,7800571289,9787800574139
MW1PD95844,55,7800571289,9787800574146
MW1PD95844,56,7800571289,9787800574153
MW1PD95844,57,7800571289,9787800574160
MW1PD95844,58,7800571289,9787800574177
MW1PD95844,59,7800571289,9787800574184
MW1PD95844,60,7800571289,9787800573743
MW1PD95844,61,7800571289,9787800574108
MW1PD95844,62,7800571289,9787800574115
MW1PD95844,63,7800571289,9787800574191
MW1PD95844,64,7800571289,9787800574214
MW1PD95844,65,7800571289,9787800574221
MW1PD95844,66,7800571289,9787800574238
MW1PD95844,67,7800571289,9787800574252
MW1PD95844,68,7800571289,9787800574269
MW1PD95844,69,7800571289,9787800574276
MW1PD95844,70,7800571289,9787800574283
MW1PD95844,71,7800571289,9787800574672
MW1PD95844,72,7800571289,9787800574689
MW1PD95844,73,7800571289,9787800574696
MW1PD95844,74,7800571289,9787800574702
MW1PD95844,75,7800571289,9787800574719
MW1PD95844,76,7800571289,9787800574726
MW1PD95844,77,7800571289,9787800574733
MW1PD95844,78,7800571289,9787800574740
MW1PD95844,79,7800571289,9787800574757
MW1PD95844,80,7800571289,9787800574764
MW1PD95844,81,7800571289,9787800575044
MW1PD95844,82,7800571289,9787800575051
MW1PD95844,83,7800571289,9787800575068
MW1PD95844,84,7800571289,9787800575075
MW1PD95844,85,7800571289,9787800575082
MW1PD95844,86,7800571289,9787800574771
MW1PD95844,87,7800571289,9787800574788
MW1PD95844,88,7800571289,9787800574795
MW1PD95844,89,7800571289,9787800574801
MW1PD95844,90,7800571289,9787800575259
MW1PD95844,91,7800571289,9787800575266
MW1PD95844,92,7800571289,9787800575273
MW1PD95844,93,7800571289,9787800575280
MW1PD95844,94,7800571289,9787800575297
MW1PD95844,95,7800571289,9787800575303
MW1PD95844,96,7800571289,9787800575310
MW1PD95844,97,7800571289,9787800575327
MW1PD95844,98,7800571289,9787800575334
MW1PD95844,99,7800571289,9787800575341
MW1PD95844,100,7800571289,9787800575358
MW1PD95844,101,7800571289,9787800575877
MW1PD95844,102,7800571289,9787800575884
MW1PD95844,103,7800571289,9787800575891
MW1PD95844,104,7800571289,9787800575907
MW1PD95844,105,7800571289,9787800575914
MW1PD95844,106,7800571289,9787800575921
MW1PD95844,107,7800571289,9787800575938
MW1PD95844,108,7800571289,9787800575945
MW1PD95844,109,7800571289,9787800575952
MW1PD95844,110,7800571289,9787800575969
MW1PD95844,111,7800571289,9787800576294
MW1PD95844,112,7800571289,9787800576300
MW1PD95844,113,7800571289,9787800576317
MW1PD95844,114,7800571289,9787800576324
MW1PD95844,115,7800571289,9787800576331
MW1PD95844,116,7800571289,9787800576348
MW1PD95844,117,7800571289,9787800576355
MW1PD95844,118,7800571289,9787800576362
MW1PD95844,119,7800571289,9787800576379
MW1PD95844,120,7800571289,9787800576386

MW1PD96682,1,7800576949,9787800576140
MW1PD96682,2,7800576949,9787800576157
MW1PD96682,3,7800576949,9787800576164
MW1PD96682,4,7800576949,9787800576195
MW1PD96682,5,7800576949,9787800576201
MW1PD96682,6,7800576949,9787800576232
MW1PD96682,7,7800576949,9787800576256
MW1PD96682,8,7800576949,9787800576263
MW1PD96682,9,7800576949,9787800576522
MW1PD96682,10,7800576949,9787800576539
MW1PD96682,11,7800576949,9787800576843
MW1PD96682,12,7800576949,9787800576850
MW1PD96682,13,7800576949,9787800576867
MW1PD96682,14,7800576949,9787800576874
MW1PD96682,15,7800576949,9787800576881
MW1PD96682,16,7800576949,9787800576898
MW1PD96682,17,7800576949,9787800576904
MW1PD96682,18,7800576949,9787800576911
MW1PD96682,19,7800576949,9787800576928
MW1PD96682,20,7800576949,9787800576935
MW1PD96682,21,7800576949,9787800576942
MW1PD96682,22,7800576949,9787800576959
MW1PD96682,23,7800576949,9787800576966
MW1PD96682,24,7800576949,9787800576973
MW1PD96682,25,7800576949,9787800576980
MW1PD96682,26,7800576949,9787800578502
MW1PD96682,27,7800576949,9787800578519
MW1PD96682,28,7800576949,9787800578526
MW1PD96682,29,7800576949,9787800578915
MW1PD96682,30,7800576949,9787800578939
MW1PD96682,31,7800576949,9787800577345
MW1PD96682,32,7800576949,9787800577918
MW1PD96682,33,7800576949,9787800578298
MW1PD96682,34,7800576949,9787800578335
MW1PD96682,35,7800576949,9787800578847
MW1PD96682,36,7800576949,9787800578854
MW1PD96682,37,7800576949,9787800578946
MW1PD96682,38,7800576949,9787800578953
MW1PD96682,39,7800576949,9787800578960
MW1PD96682,40,7800576949,9787800578977
MW1PD96682,41,7800576949,9787802530591
MW1PD96682,42,7800576949,9787802530607
MW1PD96682,43,7800576949,9787802530614
MW1PD96682,44,7800576949,9787802530621
MW1PD96682,45,7800576949,9787802530638
MW1PD96682,46,7800576949,9787802530645
MW1PD96682,47,7800576949,9787802530652
MW1PD96682,48,7800576949,9787802530669
MW1PD96682,49,7800576949,9787802530676
MW1PD96682,50,7800576949,9787802530683
MW1PD96682,51,7800576949,9787802530690
MW1PD96682,52,7800576949,9787802530706
MW1PD96682,53,7800576949,9787802530713
MW1PD96682,54,7800576949,9787802530720
MW1PD96682,55,7800576949,9787802530737
MW1PD96682,56,7800576949,9787802530744
MW1PD96682,57,7800576949,?
MW1PD96682,58,7800576949,9787802530768
MW1PD96682,59,7800576949,?
MW1PD96682,60,7800576949,9787802530782
MW1PD96682,61,7800576949,9787802530799
MW1PD96682,62,7800576949,9787802530805
MW1PD96682,63,7800576949,9787802530812
MW1PD96682,64,7800576949,9787802530829
MW1PD96682,65,7800576949,9787802530836
MW1PD96682,66,7800576949,9787802530843
MW1PD96682,67,7800576949,9787802530850
MW1PD96682,68,7800576949,9787802530867
MW1PD96682,69,7800576949,9787802530874
MW1PD96682,70,7800576949,9787802530881
MW1PD96682,71,7800576949,9787802530898
MW1PD96682,72,7800576949,9787802530904
MW1PD96682,73,7800576949,9787802530911
MW1PD96682,74,7800576949,9787802530928
MW1PD96682,75,7800576949,9787802530935
MW1PD96682,76,7800576949,9787802530942
MW1PD96682,77,7800576949,9787802530959
MW1PD96682,78,7800576949,9787802530966
MW1PD96682,79,7800576949,9787802530973
MW1PD96682,80,7800576949,9787802530980
MW1PD96682,81,7800576949,9787802530997
MW1PD96682,82,7800576949,9787802531000
MW1PD96682,83,7800576949,9787802531017
MW1PD96682,84,7800576949,9787802531024
MW1PD96682,85,7800576949,9787802531031
MW1PD96682,86,7800576949,9787802531048
MW1PD96682,87,7800576949,9787802531055
MW1PD96682,88,7800576949,9787802531062
MW1PD96682,89,7800576949,9787802531079
MW1PD96682,90,7800576949,9787802531086
MW1PD96682,91,7800576949,9787802531093
MW1PD96682,92,7800576949,9787802531109
MW1PD96682,93,7800576949,9787802531116
MW1PD96682,94,7800576949,9787802531123
MW1PD96682,95,7800576949,9787802531130
MW1PD96682,96,7800576949,9787802531147
MW1PD96682,97,7800576949,9787802531154
MW1PD96682,98,7800576949,9787802531161
MW1PD96682,99,7800576949,9787802531178
MW1PD96682,100,7800576949,9787802531185
MW1PD96682,101,7800576949,9787802531192
MW1PD96682,102,7800576949,9787802531208
MW1PD96682,103,7800576949,9787802531215
MW1PD96682,104,7800576949,9787802531222
MW1PD96682,105,7800576949,9787802531239
MW1PD96682,106,7800576949,9787802531246
MW1PD96682,107,7800576949,9787802531253
MW1PD96682,108,7800576949,9787802531260
MW1PD96682,109,7800576949,?

MW20229,1,742106961,9787542106964
MW20229,2,742106961,?

MW20242,1,10029060,?
MW20242,2,10029060,?
MW20242,3,10029060,?
MW20242,4,10029060,?
MW20242,5,10029060,?
MW20242,6,10029060,?
MW20242,7,10029060,?
MW20242,8,10029060,?
MW20242,9,10029060,?
MW20242,10,10029060,?
MW20242,11,10029060,?
MW20242,12,10029060,?
MW20242,13,10029060,?
MW20242,14,10029060,?
MW20242,15,10029060,?
MW20242,16,10029060,?
MW20242,17,10029060,?
MW20242,18,10029060,?
MW20242,19,10029060,?
MW20242,20,10029060,?
MW20242,21,10029060,?
MW20242,22,10029060,?
MW20242,23,10029060,?
MW20242,24,10029060,?
MW20242,25,10029060,9771002906003
MW20242,26,10029060,9771002906003
MW20242,27,10029060,9771002906003
MW20242,28,10029060,9771002906003
MW20242,29,10029060,9771002906003
MW20242,30,10029060,9771002906003
MW20242,31,10029060,9771002906003
MW20242,32,10029060,9771002906003
MW20242,33,10029060,9771002906003
MW20242,34,10029060,9771002906003
MW20242,35,10029060,9771002906003
MW20242,36,10029060,?
MW20242,37,10029060,9771002906003
MW20242,38,10029060,9771002906003
MW20242,39,10029060,9771002906003
MW20242,40,10029060,9771002906003
MW20242,41,10029060,9771002906003
MW20242,42,10029060,9771002906003
MW20242,43,10029060,9771002906003
MW20242,44,10029060,9771002906003
MW20242,45,10029060,?
MW20242,46,10029060,9771002906003
MW20242,47,10029060,9771002906003
MW20242,48,10029060,9771002906003
MW20242,49,10029060,9771002906003
MW20242,50,10029060,9771002906003
MW20242,51,10029060,9771002906003
MW20242,52,10029060,9771002906003
MW20242,53,10029060,9771002906010
MW20242,54,10029060,9771002906010
MW20242,55,10029060,9771002906010
MW20242,57,10029060,?
MW20242,58,10029060,?
MW20242,59,10029060,?
MW20242,60,10029060,?
MW20242,61,10029060,?
MW20242,62,10029060,?
MW20242,63,10029060,?
MW20242,64,10029060,?
MW20242,65,10029060,?
MW20242,66,10029060,?
MW20242,67,10029060,?
MW20242,68,10029060,?
MW20242,69,10029060,?
MW20242,70,10029060,?
MW20242,71,10029060,?
MW20242,72,10029060,?
MW20242,73,10029060,?
MW20242,74,10029060,?
MW20242,75,10029060,?
MW20242,76,10029060,?
MW20242,77,10029060,?
MW20242,78,10029060,?
MW20242,79,10029060,?
MW20242,80,10029060,?
MW20242,81,10029060,?
MW20242,82,10029060,?
MW20242,83,10029060,?
MW20242,84,10029060,?
MW20242,85,10029060,9771002906010
MW20242,87,10029060,9771002906010

MW20426,1,7800573877,?
MW20426,2,7800573877,9787800573873

MW20510,1,,?
MW20510,2,,?
MW20510,3,,?
MW20510,4,,?
MW20510,5,,?
MW20510,6,,?
MW20510,7,,?
MW20510,8,,?
MW20510,10,,?
MW20510,11,,?
MW20510,12,,9787542008107

MW20819,1,10029362,?
MW20819,2,10029362,?
MW20819,3,10029362,?
MW20819,4,10029362,?
MW20819,5,10029362,?
MW20819,6,10029362,?
MW20819,7,10029362,?
MW20819,8,10029362,?
MW20819,9,10029362,?
MW20819,10,10029362,?
MW20819,11,10029362,?
MW20819,12,10029362,?
MW20819,13,10029362,?
MW20819,14,10029362,?
MW20819,15,10029362,9771002936000
MW20819,16,10029362,9771002936000
MW20819,17,10029362,9771002936000
MW20819,18,10029362,9771002936000
MW20819,19,10029362,9771002936000
MW20819,20,10029362,9771002936000
MW20819,21,10029362,9771002936000
MW20819,22,10029362,9771002936000
MW20819,23,10029362,9771002936000
MW20819,24,10029362,9771002936000
MW20819,25,10029362,?
MW20819,26,10029362,9771002936000
MW20819,27,10029362,9771002936000
MW20819,28,10029362,9771002936000
MW20819,29,10029362,9771002936000
MW20819,30,10029362,9771002936000
MW20819,31,10029362,9771002936000
MW20819,32,10029362,?
MW20819,33,10029362,9771002936000
MW20819,35,10029362,9771002936000
MW20819,36,10029362,9771002936000
MW20819,37,10029362,9771002936000
MW20819,38,10029362,9771002936000
MW20819,39,10029362,9177002936000
MW20819,40,10029362,9771002936000
MW20819,41,10029362,9771002936000
MW20819,46,10029362,?
MW20819,47,10029362,?
MW20819,85,10029362,?

MW20820,1,10041753,?
MW20820,2,10041753,?
MW20820,3,10041753,?
MW20820,4,10041753,?
MW20820,5,10041753,?
MW20820,6,10041753,?
MW20820,7,10041753,?
MW20820,8,10041753,?
MW20820,9,10041753,?
MW20820,10,10041753,?
MW20820,11,10041753,?
MW20820,12,10041753,?
MW20820,13,10041753,?
MW20820,14,10041753,?
MW20820,15,10041753,?
MW20820,16,10041753,?
MW20820,17,10041753,?
MW20820,18,10041753,?
MW20820,19,10041753,?
MW20820,20,10041753,?
MW20820,21,10041753,?
MW20820,22,10041753,9771004175001
MW20820,23,10041753,9771004175001
MW20820,24,10041753,?
MW20820,25,10041753,?
MW20820,26,10041753,9771004175001
MW20820,27,10041753,?
MW20820,28,10041753,9771004175001
MW20820,29,10041753,?
MW20820,30,10041753,9771004175001
MW20820,31,10041753,?
MW20820,32,10041753,9771004175001
MW20820,33,10041753,9771004175001
MW20820,34,10041753,9771004175001
MW20820,35,10041753,9771004175001
MW20820,36,10041753,9771004175001
MW20820,37,10041753,9771004175001
MW20820,38,10041753,9771004175001
MW20820,39,10041753,9771004175001
MW20820,40,10041753,9771004175001
MW20820,41,10041753,9771004175001
MW20820,42,10041753,9771004175001
MW20820,43,10041753,9771004175018
MW20820,44,10041753,9771004175018
MW20820,45,10041753,9771004175018
MW20820,46,10041753,9771004175018
MW20820,47,10041753,9771004175025
MW20820,48,10041753,9771004175025
MW20820,49,10041753,9771004175025
MW20820,50,10041753,9771004175025
MW20820,51,10041753,?

MW21496,7,"10052089, 9771005208005",?
MW21496,8,"10052089, 9771005208005",?
MW21496,9,"10052089, 9771005208005",?
MW21496,10,"10052089, 9771005208005",?
MW21496,11,"10052089, 9771005208005",?
MW21496,12,"10052089, 9771005208005",?
MW21496,13,"10052089, 9771005208005",?
MW21496,14,"10052089, 9771005208005",?
MW21496,15,"10052089, 9771005208005",?
MW21496,16,"10052089, 9771005208005",?
MW21496,17,"10052089, 9771005208005",?
MW21496,18,"10052089, 9771005208005",?
MW21496,20,"10052089, 9771005208005",?
MW21496,21,"10052089, 9771005208005",?
MW21496,22,"10052089, 9771005208005",?
MW21496,24,"10052089, 9771005208005",?
MW21496,25,"10052089, 9771005208005",?
MW21496,26,"10052089, 9771005208005",?
MW21496,27,"10052089, 9771005208005",?
MW21496,28,"10052089, 9771005208005",?
MW21496,29,"10052089, 9771005208005",?
MW21496,30,"10052089, 9771005208005",?
MW21496,31,"10052089, 9771005208005",?
MW21496,32,"10052089, 9771005208005",?
MW21496,33,"10052089, 9771005208005",?
MW21496,34,"10052089, 9771005208005",?
MW21496,35,"10052089, 9771005208005",?
MW21496,36,"10052089, 9771005208005",?
MW21496,37,"10052089, 9771005208005",?
MW21496,38,"10052089, 9771005208005",?
MW21496,39,"10052089, 9771005208005",?
MW21496,40,"10052089, 9771005208005",?
MW21496,41,"10052089, 9771005208005",?
MW21496,42,"10052089, 9771005208005",?
MW21496,43,"10052089, 9771005208005",?
MW21496,44,"10052089, 9771005208005",?
MW21496,50,"10052089, 9771005208005",9771005208005
MW21496,51,"10052089, 9771005208005",9771005208005
MW21496,53,"10052089, 9771005208005",9771005208005
MW21496,54,"10052089, 9771005208005",9771005208005
MW21496,55,"10052089, 9771005208005",9771005208005
MW21496,56,"10052089, 9771005208005",9771005208005
MW21496,57,"10052089, 9771005208005",9771005208005
MW21496,58,"10052089, 9771005208005",9771005208005
MW21496,60,"10052089, 9771005208005",9771005208005
MW21496,61,"10052089, 9771005208005",9771005208005
MW21496,62,"10052089, 9771005208005",9771005208005
MW21496,63,"10052089, 9771005208005",9771005208005
MW21496,64,"10052089, 9771005208005",9771005208005
MW21496,65,"10052089, 9771005208005",9771005208005
MW21496,66,"10052089, 9771005208005",9771005208005
MW21496,67,"10052089, 9771005208005",9771005208005
MW21496,68,"10052089, 9771005208005",9771005208005
MW21496,69,"10052089, 9771005208005",9771005208005
MW21496,70,"10052089, 9771005208005",9771005208005
MW21496,71,"10052089, 9771005208005",9771005208005
MW21496,72,"10052089, 9771005208005",9771005208005
MW21496,73,"10052089, 9771005208005",9771005208005
MW21496,77,"10052089, 9771005208005",9771005208005
MW21496,79,"10052089, 9771005208005",9771005208005
MW21496,80,"10052089, 9771005208005",9771001564006
MW21496,82,"10052089, 9771005208005",9771005208005
MW21496,83,"10052089, 9771005208005",9771005208005
MW21496,84,"10052089, 9771005208005",9771005208005
MW21496,85,"10052089, 9771005208005",9771005208005
MW21496,86,"10052089, 9771005208005",9771005208005
MW21496,87,"10052089, 9771005208005",9771005208005
MW21496,88,"10052089, 9771005208005",9771005208005
MW21496,89,"10052089, 9771005208005",9771005208005

MW21501,3,9770529350016ISSN05293502,?
MW21501,4,9770529350016ISSN05293502,?
MW21501,7,9770529350016ISSN05293502,?
MW21501,8,9770529350016ISSN05293502,?
MW21501,14,9770529350016ISSN05293502,?
MW21501,22,9770529350016ISSN05293502,?
MW21501,23,9770529350016ISSN05293502,?
MW21501,25,9770529350016ISSN05293502,?
MW21501,28,9770529350016ISSN05293502,?
MW21501,29,9770529350016ISSN05293502,?
MW21501,30,9770529350016ISSN05293502,?
MW21501,32,9770529350016ISSN05293502,?
MW21501,33,9770529350016ISSN05293502,?
MW21501,34,9770529350016ISSN05293502,?
MW21501,35,9770529350016ISSN05293502,?
MW21501,36,9770529350016ISSN05293502,?
MW21501,37,9770529350016ISSN05293502,?
MW21501,38,9770529350016ISSN05293502,?
MW21501,39,9770529350016ISSN05293502,?
MW21501,40,9770529350016ISSN05293502,?
MW21501,41,9770529350016ISSN05293502,?
MW21501,42,9770529350016ISSN05293502,?
MW21501,44,9770529350016ISSN05293502,?
MW21501,46,9770529350016ISSN05293502,?
MW21501,47,9770529350016ISSN05293502,?
MW21501,48,9770529350016ISSN05293502,?
MW21501,49,9770529350016ISSN05293502,?
MW21501,51,9770529350016ISSN05293502,?
MW21501,52,9770529350016ISSN05293502,?
MW21501,53,9770529350016ISSN05293502,?
MW21501,54,9770529350016ISSN05293502,?
MW21501,55,9770529350016ISSN05293502,?
MW21501,56,9770529350016ISSN05293502,?
MW21501,57,9770529350016ISSN05293502,?
MW21501,58,9770529350016ISSN05293502,?
MW21501,59,9770529350016ISSN05293502,?
MW21501,60,9770529350016ISSN05293502,?
MW21501,61,9770529350016ISSN05293502,?
MW21501,62,9770529350016ISSN05293502,?
MW21501,67,9770529350016ISSN05293502,?
MW21501,72,9770529350016ISSN05293502,?
MW21501,73,9770529350016ISSN05293502,?
MW21501,78,9770529350016ISSN05293502,?
MW21501,80,9770529350016ISSN05293502,?
MW21501,82,9770529350016ISSN05293502,?
MW21501,93,9770529350016ISSN05293502,?
MW21501,95,9770529350016ISSN05293502,?
MW21501,99,9770529350016ISSN05293502,?
MW21501,101,9770529350016ISSN05293502,?
MW21501,106,9770529350016ISSN05293502,?
MW21501,107,9770529350016ISSN05293502,?
MW21501,110,9770529350016ISSN05293502,?
MW21501,112,9770529350016ISSN05293502,?
MW21501,113,9770529350016ISSN05293502,?
MW21501,114,9770529350016ISSN05293502,?
MW21501,115,9770529350016ISSN05293502,?
MW21501,116,9770529350016ISSN05293502,?
MW21501,117,9770529350016ISSN05293502,?
MW21501,118,9770529350016ISSN05293502,?
MW21501,119,9770529350016ISSN05293502,?
MW21501,120,9770529350016ISSN05293502,?
MW21501,124,9770529350016ISSN05293502,?
MW21501,125,9770529350016ISSN05293502,?
MW21501,126,9770529350016ISSN05293502,?
MW21501,127,9770529350016ISSN05293502,?
MW21501,128,9770529350016ISSN05293502,?
MW21501,130,9770529350016ISSN05293502,?
MW21501,132,9770529350016ISSN05293502,?
MW21501,135,9770529350016ISSN05293502,9770529350016

MW21598,1,7805890293,9787805890296
MW21598,2,7805890293,?

MW21682,1,7542005340,?
MW21682,2,7542005340,9787542005342

MW21697,1,"7540922095, 9787540939304",?
MW21697,2,"7540922095, 9787540939304",9787540939304
MW21697,3,"7540922095, 9787540939304",9787540939311

MW21824,1,7800570517,?
MW21824,2,7800570517,?
MW21824,3,7800570517,?
MW21824,4,7800570517,9787800571404
MW21824,5,7800570517,9787800573071

MW25268,1,"7800571084, 7800573036",9787800571084
MW25268,2,"7800571084, 7800573036",9787800573033

MW26180,1,710506018,9787542009241
MW26180,2,710506018,9787105060184

MW27306,1,7542106414,9787542106414
MW27306,2,7542106414,?
MW27306,3,7542106414,?
MW27306,4,7542106414,?

MW27314,1,7105030208,?
MW27314,2,7105030208,9787105030200

MW28948,1,"7105059882, ETC.",9787105059980
MW28948,2,"7105059882, ETC.",9787105059997
MW28948,3,"7105059882, ETC.",9787105060009
MW28948,4,"7105059882, ETC.",9787105060016
MW28948,5,"7105059882, ETC.",9787105060023
MW28948,6,"7105059882, ETC.",9787105060030
MW28948,7,"7105059882, ETC.",9787105060047
MW28948,8,"7105059882, ETC.",9787105060054

MW29187,1,5293502,9770529350016
MW29187,2,5293502,9770529350016
MW29187,3,5293502,9770529350016
MW29187,4,5293502,9770529350016
MW29187,5,5293502,9770529350016
MW29187,6,5293502,9770529350016
MW29187,7,5293502,9770529350016
MW29187,8,5293502,9770529350016
MW29187,9,5293502,9770529350016
MW29187,10,5293502,9770529350016
MW29187,11,5293502,?
MW29187,12,5293502,9770529350016
MW29187,13,5293502,9770529350016
MW29187,14,5293502,9770529350016
MW29187,15,5293502,9770529350016
MW29187,16,5293502,9770529350016
MW29187,17,5293502,9770529350016
MW29187,18,5293502,9770529350016
MW29187,19,5293502,9770529350016
MW29187,20,5293502,9770529350016
MW29187,21,5293502,9770529350016
MW29187,22,5293502,9770529350016
MW29187,23,5293502,9770529350016
MW29187,24,5293502,9770529350016
MW29187,25,5293502,9770529350016
MW29187,27,5293502,9770529350016
MW29187,28,5293502,?
MW29187,29,5293502,9770529350016
MW29187,30,5293502,?
MW29187,31,5293502,?
MW29187,32,5293502,9770529350016
MW29187,33,5293502,9770529350016
MW29187,34,5293502,?
MW29187,35,5293502,?
MW29187,37,5293502,?
MW29187,38,5293502,?
MW29187,39,5293502,?
MW29187,40,5293502,?
MW29187,41,5293502,9771674953114
MW29187,42,5293502,9771674953114
MW29187,43,5293502,9771674953114
MW29187,44,5293502,9771674953114
MW29187,45,5293502,9771674953114
MW29187,46,5293502,?
MW29187,47,5293502,9771674953114
MW29187,50,5293502,?
MW29187,51,5293502,9771674953114
MW29187,52,5293502,9771674953114
MW29187,53,5293502,?
MW29187,54,5293502,9771674953114
MW29187,55,5293502,?

MW29483,1,7105064714,?
MW29483,2,7105064714,9787105064717

MW29897,1,7105060247,?
MW29897,2,7105060247,9787105060245

MW29975,1,7105060352,?
MW29975,2,7105060352,9787105060351

MW29978,1,7105061537,?
MW29978,2,7105061537,9787105061532

MW29981,1,7105061502,?
MW29981,2,7105061502,9787105061501

MW2DB4575,1,9787105081714,?
MW2DB4575,2,9787105081714,9787105081714

MW2DB4591,1,7105053755,9787105053759
MW2DB4591,2,7105053755,9787105053766
MW2DB4591,3,7105053755,9787105054596
MW2DB4591,4,7105053755,9787105074464
MW2DB4591,5,7105053755,9787105062171
MW2DB4591,6,7105053755,?
MW2DB4591,7,7105053755,?
MW2DB4591,8,7105053755,9787105074495
MW2DB4591,9,7105053755,9787105075072
MW2DB4591,10,7105053755,9787105074631
MW2DB4591,11,7105053755,9787105074648

MW2DB4617,1,9787105081691,?
MW2DB4617,2,9787105081691,9787105081691

MW2KG212707,1,9787542138217,9787542138217
MW2KG212707,2,9787542138217,9787542138224
MW2KG212707,3,9787542138217,?
MW2KG212707,4,9787542138217,9787542138194
MW2KG212707,5,9787542138217,9787542138200

MW2KG229480,1,"9789383091836, 9789383091850, 9789383091867",9789383091836
MW2KG229480,2,"9789383091836, 9789383091850, 9789383091867",9789383091850
MW2KG229480,3,"9789383091836, 9789383091850, 9789383091867",9789383091867

MW2PD17385,1,9787549003792,?
MW2PD17385,2,9787549003792,?
MW2PD17385,3,9787549003792,?
MW2PD17385,4,9787549003792,?
MW2PD17385,5,9787549003792,?
MW2PD17385,6,9787549003792,?
MW2PD17385,7,9787549003792,?
MW2PD17385,8,9787549003792,?
MW2PD17385,9,9787549003792,?
MW2PD17385,10,9787549003792,?
MW2PD17385,11,9787549003792,?
MW2PD17385,12,9787549003792,?
MW2PD17385,13,9787549003792,?
MW2PD17385,14,9787549003792,?
MW2PD17385,15,9787549003792,?
MW2PD17385,16,9787549003792,?
MW2PD17385,17,9787549003792,?
MW2PD17385,18,9787549003792,?
MW2PD17385,19,9787549003792,?
MW2PD17385,20,9787549003792,?
MW2PD17385,21,9787549003792,?
MW2PD17385,22,9787549003792,?
MW2PD17385,23,9787549003792,?
MW2PD17385,24,9787549003792,?
MW2PD17385,25,9787549003792,?
MW2PD17385,26,9787549003792,?
MW2PD17385,27,9787549003792,?
MW2PD17385,28,9787549003792,?
MW2PD17385,29,9787549003792,?
MW2PD17385,30,9787549003792,?
MW2PD17385,31,9787549003792,?
MW2PD17385,32,9787549003792,?
MW2PD17385,33,9787549003792,?
MW2PD17385,34,9787549003792,?
MW2PD17385,35,9787549003792,?
MW2PD17385,36,9787549003792,?
MW2PD17385,37,9787549003792,?
MW2PD17385,38,9787549003792,?
MW2PD17385,39,9787549003792,?
MW2PD17385,40,9787549003792,?
MW2PD17385,41,9787549003792,?
MW2PD17385,42,9787549003792,?
MW2PD17385,43,9787549003792,?
MW2PD17385,44,9787549003792,?
MW2PD17385,45,9787549003792,?
MW2PD17385,46,9787549003792,?
MW2PD17385,47,9787549003792,?
MW2PD17385,48,9787549003792,?
MW2PD17385,49,9787549003792,?
MW2PD17385,50,9787549003792,?
MW2PD17385,51,9787549003792,?
MW2PD17385,52,9787549003792,?
MW2PD17385,53,9787549003792,?
MW2PD17385,54,9787549003792,?
MW2PD17385,55,9787549003792,?
MW2PD17385,56,9787549003792,?
MW2PD17385,57,9787549003792,?
MW2PD17385,58,9787549003792,?
MW2PD17385,59,9787549003792,?
MW2PD17385,60,9787549003792,9787549003792

MW2PD17386,1,9787223040105,9787223040112
MW2PD17386,2,9787223040105,9787223040020
MW2PD17386,3,9787223040105,9787223040037
MW2PD17386,4,9787223040105,9787223040105
MW2PD17386,5,9787223040105,?
MW2PD17386,6,9787223040105,9787223039994
MW2PD17386,7,9787223040105,9787223039987
MW2PD17386,8,9787223040105,9787223039970
MW2PD17386,9,9787223040105,9787223039963
MW2PD17386,10,9787223040105,?
MW2PD17386,11,9787223040105,9787223040082
MW2PD17386,12,9787223040105,9787223040075
MW2PD17386,13,9787223040105,?
MW2PD17386,14,9787223040105,?
MW2PD17386,15,9787223040105,9787223040044
MW2PD17386,16,9787223040105,9787223041096
MW2PD17386,17,9787223040105,9787223041102
MW2PD17386,18,9787223040105,9787223041126
MW2PD17386,19,9787223040105,9787223041065
MW2PD17386,20,9787223040105,9787223041119
MW2PD17386,21,9787223040105,9787223041843
MW2PD17386,22,9787223040105,?
MW2PD17386,23,9787223040105,9787223041867
MW2PD17386,24,9787223040105,9787223041874
MW2PD17386,25,9787223040105,9787223041881
MW2PD17386,26,9787223040105,9787223041928
MW2PD17386,27,9787223040105,9787223041935
MW2PD17386,28,9787223040105,9787223041942
MW2PD17386,29,9787223040105,9787223041959
MW2PD17386,30,9787223040105,9787223041966

MW2PD17391,1,9787105127634,?
MW2PD17391,2,9787105127634,9787105127634

MW2PD17392,1,9787105126835,?
MW2PD17392,2,9787105126835,?
MW2PD17392,3,9787105126835,9787705126235

MW2PD17402,1,9787800579981,?
MW2PD17402,2,9787800579981,9787800579981

MW2PD17428,1,", , , , , , , , , , , , , , , , , , , , , , , , ",9787540956400
MW2PD17428,2,", , , , , , , , , , , , , , , , , , , , , , , , ",9787540956417
MW2PD17428,3,", , , , , , , , , , , , , , , , , , , , , , , , ",9787540956424
MW2PD17428,4,", , , , , , , , , , , , , , , , , , , , , , , , ",9787540956431
MW2PD17428,5,", , , , , , , , , , , , , , , , , , , , , , , , ",9787540956448
MW2PD17428,6,", , , , , , , , , , , , , , , , , , , , , , , , ",9787540956455
MW2PD17428,7,", , , , , , , , , , , , , , , , , , , , , , , , ",9787540956462
MW2PD17428,8,", , , , , , , , , , , , , , , , , , , , , , , , ",9787540956479
MW2PD17428,9,", , , , , , , , , , , , , , , , , , , , , , , , ",9787540956486
MW2PD17428,10,", , , , , , , , , , , , , , , , , , , , , , , , ",9787540956493
MW2PD17428,11,", , , , , , , , , , , , , , , , , , , , , , , , ",9787540956509
MW2PD17428,12,", , , , , , , , , , , , , , , , , , , , , , , , ",9787540956875
MW2PD17428,13,", , , , , , , , , , , , , , , , , , , , , , , , ",9787540956820
MW2PD17428,14,", , , , , , , , , , , , , , , , , , , , , , , , ",9787540956837
MW2PD17428,15,", , , , , , , , , , , , , , , , , , , , , , , , ",9787540956882
MW2PD17428,16,", , , , , , , , , , , , , , , , , , , , , , , , ",9787540956844
MW2PD17428,17,", , , , , , , , , , , , , , , , , , , , , , , , ",9787540956899
MW2PD17428,18,", , , , , , , , , , , , , , , , , , , , , , , , ",9787540956851
MW2PD17428,19,", , , , , , , , , , , , , , , , , , , , , , , , ",9787540957100
MW2PD17428,20,", , , , , , , , , , , , , , , , , , , , , , , , ",9787540957117
MW2PD17428,21,", , , , , , , , , , , , , , , , , , , , , , , , ",9787540957124
MW2PD17428,22,", , , , , , , , , , , , , , , , , , , , , , , , ",9787540957131
MW2PD17428,23,", , , , , , , , , , , , , , , , , , , , , , , , ",9787540957148
MW2PD17428,24,", , , , , , , , , , , , , , , , , , , , , , , , ",9787540957155
MW2PD17428,25,", , , , , , , , , , , , , , , , , , , , , , , , ",9787540957162

MW2PD17430,1,", , , , , , , ",9787223046114
MW2PD17430,2,", , , , , , , ",9787223046114
MW2PD17430,3,", , , , , , , ",9787223046121
MW2PD17430,4,", , , , , , , ",9787223046107
MW2PD17430,5,", , , , , , , ",9787223046138
MW2PD17430,6,", , , , , , , ",9787223046145
MW2PD17430,7,", , , , , , , ",9787223046152
MW2PD17430,8,", , , , , , , ",9787223046169
MW2PD17430,9,", , , , , , , ",9787223046176

MW2PD17448,1,9787105132676,?
MW2PD17448,2,9787105132676,9787105132676

MW2PD17604,1,7800578259,?
MW2PD17604,2,7800578259,9787800578250

MW2PD19352,1,,9787800573019
MW2PD19352,2,,9787800578014

MW30013,1,"7542009214, 7542009",9787542009227
MW30013,2,"7542009214, 7542009",9787542009210

MW30016,1,"7542009338, 7542009346",9787542009333
MW30016,2,"7542009338, 7542009346",9787542009340

MW30020,1,7542010077,9787542010070
MW30020,2,7542010077,?

MW30034,1,"7542008676, 7542008684",9787542008671
MW30034,2,"7542008676, 7542008684",9787542008688

MW30481,1,7805890463,9787805890463
MW30481,2,7805890463,?

MW3CN21527,1,9787805896739,9787805897240
MW3CN21527,2,9787805896739,9787805897240
MW3CN21527,3,9787805896739,9787805897240
MW3CN21527,4,9787805896739,9787805897240
MW3CN21527,5,9787805896739,9787805897240
MW3CN21527,6,9787805896739,9787805898483
MW3CN21527,7,9787805896739,9787805897240
MW3CN21527,8,9787805896739,9787805897240
MW3CN21527,9,9787805896739,9787805897240
MW3CN21527,10,9787805896739,9787805897240
MW3CN21527,11,9787805896739,9787805897240

MW3CN22339,1,9787521101003,?
MW3CN22339,2,9787521101003,?
MW3CN22339,3,9787521101003,?
MW3CN22339,4,9787521101003,?
MW3CN22339,5,9787521101003,?
MW3CN22339,6,9787521101003,?
MW3CN22339,7,9787521101003,?
MW3CN22339,8,9787521101003,?
MW3CN22339,9,9787521101003,?
MW3CN22339,10,9787521101003,?
MW3CN22339,11,9787521101003,?
MW3CN22339,12,9787521101003,?
MW3CN22339,13,9787521101003,?
MW3CN22339,14,9787521101003,?
MW3CN22339,15,9787521101003,?
MW3CN22339,16,9787521101003,?
MW3CN22339,17,9787521101003,?
MW3CN22339,18,9787521101003,?
MW3CN22339,19,9787521101003,9787521101003

MW3CN22342,1,97875700029489787570003358,9787570002948
MW3CN22342,2,97875700029489787570003358,9787570003266
MW3CN22342,3,97875700029489787570003358,9787570003273
MW3CN22342,4,97875700029489787570003358,9787570003280
MW3CN22342,5,97875700029489787570003358,9787570003303
MW3CN22342,6,97875700029489787570003358,9787570003297
MW3CN22342,7,97875700029489787570003358,9787570003310
MW3CN22342,8,97875700029489787570003358,9787570003327
MW3CN22342,9,97875700029489787570003358,9787570003334
MW3CN22342,10,97875700029489787570003358,9787570003341
MW3CN22342,11,97875700029489787570003358,9787570003358

MW3CN22971,2,"9787802538078, 9787802539044, 9787521100686, 9787521101676",9787802538078
MW3CN22971,3,"9787802538078, 9787802539044, 9787521100686, 9787521101676",9787802539044
MW3CN22971,4,"9787802538078, 9787802539044, 9787521100686, 9787521101676",9787521100686
MW3CN22971,5,"9787802538078, 9787802539044, 9787521100686, 9787521101676",9787521101676

MW3CN22988,1,9787802539952,?
MW3CN22988,2,9787802539952,9787802539952

MW3CN23000,2,"?9787521100730, 9787521100747",9787521100730
MW3CN23000,3,"?9787521100730, 9787521100747",9787521100747

MW3CN25663,1,9787521101935,?
MW3CN25663,2,9787521101935,9787521101935

MW3CN25679,1,9787521102086,?
MW3CN25679,2,9787521102086,9787521102086

MW3CN26335,1,9789888611997,?
MW3CN26335,2,9789888611997,9789888611997

MW3CN26463,1,9787105136933,?
MW3CN26463,2,9787105136933,9787105136933

MW3CN3411,1,97878058914159787805891392,9787805891415
MW3CN3411,2,97878058914159787805891392,9787805891415
MW3CN3411,3,97878058914159787805891392,?
MW3CN3411,4,97878058914159787805891392,9787805891590
MW3CN3411,5,97878058914159787805891392,9787805891378
MW3CN3411,6,97878058914159787805891392,9787805891378
MW3CN3411,7,97878058914159787805891392,9787805891392
MW3CN3411,8,97878058914159787805891392,9787805891392

MW3CN3420,1,"9787223036528, 9787223036535, 978723036542",9787223036528
MW3CN3420,2,"9787223036528, 9787223036535, 978723036542",9787223036535

MW3CN4855,1,9787223050180,9787223050159
MW3CN4855,2,9787223050180,9787223050173
MW3CN4855,3,9787223050180,9787223050166
MW3CN4855,4,9787223050180,?

MW3CN5561,1,7223030113,?
MW3CN5561,2,7223030113,9787223030113

MW3CN5893,1,,?
MW3CN5893,2,,9787540964962
MW3CN5893,3,,9787540965662
MW3CN5893,4,,9787540964900
MW3CN5893,5,,6721130964911
MW3CN5893,6,,?
MW3CN5893,7,,9787540964955
MW3CN5893,8,,9787540964931
MW3CN5893,9,,9721540964942
MW3CN5893,10,,9787540965716
MW3CN5893,11,,?
MW3CN5893,12,,?
MW3CN5893,13,,?
MW3CN5893,14,,?
MW3CN5893,15,,?
MW3CN5893,16,,?
MW3CN5893,17,,?
MW3CN5893,18,,?
MW3CN5893,19,,?
MW3CN5893,20,,?

MW3CN5910,1,9787501355556,9787501355556
MW3CN5910,2,9787501355556,?
MW3CN5910,3,9787501355556,?
MW3CN5910,4,9787501355556,?
MW3CN5910,5,9787501355556,?
MW3CN5910,6,9787501355556,?
MW3CN5910,7,9787501355556,?
MW3CN5910,9,9787501355556,?
MW3CN5910,10,9787501355556,?

MW3CN5922,1,9787501355532,9787501355532
MW3CN5922,2,9787501355532,?
MW3CN5922,3,9787501355532,?
MW3CN5922,4,9787501355532,?
MW3CN5922,5,9787501355532,?

MW3CN7000,1,7223049191,9787223049191
MW3CN7000,2,7223049191,9787223049207
MW3CN7000,3,7223049191,9787223049214
MW3CN7000,4,7223049191,9787223050203
MW3CN7000,5,7223049191,9787223050210
MW3CN7000,6,7223049191,9787223053365
MW3CN7000,7,7223049191,9787223053358
MW3CN7000,8,7223049191,?
MW3CN7000,9,7223049191,9787223053334

MW3CN7677,1,97875420264229787542026392,9787542026422
MW3CN7677,2,97875420264229787542026392,9787542026378
MW3CN7677,3,97875420264229787542026392,9787542026446
MW3CN7677,4,97875420264229787542026392,9787542026361
MW3CN7677,5,97875420264229787542026392,9787542026439
MW3CN7677,6,97875420264229787542026392,9787542026354
MW3CN7677,7,97875420264229787542026392,9787542026385
MW3CN7677,8,97875420264229787542026392,9787542026415
MW3CN7677,9,97875420264229787542026392,9787542026408
MW3CN7677,10,97875420264229787542026392,9787542026392

MW3CN7689,1,97875420268599787542026835,9787542026859
MW3CN7689,2,97875420268599787542026835,9787542026873
MW3CN7689,3,97875420268599787542026835,9787542026842
MW3CN7689,4,97875420268599787542026835,9787542026866
MW3CN7689,5,97875420268599787542026835,9787542026828
MW3CN7689,6,97875420268599787542026835,9787542026835

MW3CN7697,1,97875420252109787542025258,?
MW3CN7697,2,97875420252109787542025258,9787542025319
MW3CN7697,3,97875420252109787542025258,9787542025326
MW3CN7697,4,97875420252109787542025258,9787542025227
MW3CN7697,5,97875420252109787542025258,9787542025289
MW3CN7697,6,97875420252109787542025258,9787542025159
MW3CN7697,7,97875420252109787542025258,9787542025333
MW3CN7697,8,97875420252109787542025258,9787542025234
MW3CN7697,9,97875420252109787542025258,9787542025180
MW3CN7697,10,97875420252109787542025258,9787542025265
MW3CN7697,11,97875420252109787542025258,9787542025340
MW3CN7697,12,97875420252109787542025258,9787542025241
MW3CN7697,13,97875420252109787542025258,9787542025296
MW3CN7697,14,97875420252109787542025258,9787542025302
MW3CN7697,15,97875420252109787542025258,9787542025197
MW3CN7697,16,97875420252109787542025258,9787542025203
MW3CN7697,17,97875420252109787542025258,9787542025272
MW3CN7697,18,97875420252109787542025258,?
MW3CN7697,19,97875420252109787542025258,9787542025173
MW3CN7697,20,97875420252109787542025258,?

MW3CN7776,1,97875420253579787542025449,9787542025357
MW3CN7776,2,97875420253579787542025449,9787542025364
MW3CN7776,3,97875420253579787542025449,9787542025371
MW3CN7776,4,97875420253579787542025449,9787542025388
MW3CN7776,5,97875420253579787542025449,?
MW3CN7776,6,97875420253579787542025449,9787542025401
MW3CN7776,7,97875420253579787542025449,9787542025418
MW3CN7776,8,97875420253579787542025449,9787542025425
MW3CN7776,9,97875420253579787542025449,9787542025432
MW3CN7776,10,97875420253579787542025449,9787542025449

MW3CN7794,1,"9787805898322, 9787805898346, 9787805898339",9787805898322
MW3CN7794,2,"9787805898322, 9787805898346, 9787805898339",9787805898339
MW3CN7794,3,"9787805898322, 9787805898346, 9787805898339",9787805898346

MW3CN8070,1,9787540957087,?
MW3CN8070,2,9787540957087,?
MW3CN8070,3,9787540957087,?
MW3CN8070,4,9787540957087,?
MW3CN8070,5,9787540957087,9787540957087
MW3CN8070,6,9787540957087,?
MW3CN8070,7,9787540957087,?

MW3PD183,1,"9787805893273, 8, 10, 18), 9787805893297, 3, 5, 6, 12, 15, 16, 17, 21, 23), 9787805893280, 7, 9, 19, 20), 	9787805893303	, 13, 14, 22, 24, 25)",?
MW3PD183,2,"9787805893273, 8, 10, 18), 9787805893297, 3, 5, 6, 12, 15, 16, 17, 21, 23), 9787805893280, 7, 9, 19, 20), 	9787805893303	, 13, 14, 22, 24, 25)",9787805893273
MW3PD183,3,"9787805893273, 8, 10, 18), 9787805893297, 3, 5, 6, 12, 15, 16, 17, 21, 23), 9787805893280, 7, 9, 19, 20), 	9787805893303	, 13, 14, 22, 24, 25)",9787805893297
MW3PD183,4,"9787805893273, 8, 10, 18), 9787805893297, 3, 5, 6, 12, 15, 16, 17, 21, 23), 9787805893280, 7, 9, 19, 20), 	9787805893303	, 13, 14, 22, 24, 25)",9787805893297
MW3PD183,5,"9787805893273, 8, 10, 18), 9787805893297, 3, 5, 6, 12, 15, 16, 17, 21, 23), 9787805893280, 7, 9, 19, 20), 	9787805893303	, 13, 14, 22, 24, 25)",9787805893280
MW3PD183,6,"9787805893273, 8, 10, 18), 9787805893297, 3, 5, 6, 12, 15, 16, 17, 21, 23), 9787805893280, 7, 9, 19, 20), 	9787805893303	, 13, 14, 22, 24, 25)",9787805893297
MW3PD183,7,"9787805893273, 8, 10, 18), 9787805893297, 3, 5, 6, 12, 15, 16, 17, 21, 23), 9787805893280, 7, 9, 19, 20), 	9787805893303	, 13, 14, 22, 24, 25)",9787805893297
MW3PD183,8,"9787805893273, 8, 10, 18), 9787805893297, 3, 5, 6, 12, 15, 16, 17, 21, 23), 9787805893280, 7, 9, 19, 20), 	9787805893303	, 13, 14, 22, 24, 25)",9787805893280
MW3PD183,9,"9787805893273, 8, 10, 18), 9787805893297, 3, 5, 6, 12, 15, 16, 17, 21, 23), 9787805893280, 7, 9, 19, 20), 	9787805893303	, 13, 14, 22, 24, 25)",9787805893273
MW3PD183,10,"9787805893273, 8, 10, 18), 9787805893297, 3, 5, 6, 12, 15, 16, 17, 21, 23), 9787805893280, 7, 9, 19, 20), 	9787805893303	, 13, 14, 22, 24, 25)",9787805893280
MW3PD183,11,"9787805893273, 8, 10, 18), 9787805893297, 3, 5, 6, 12, 15, 16, 17, 21, 23), 9787805893280, 7, 9, 19, 20), 	9787805893303	, 13, 14, 22, 24, 25)",9787805893273
MW3PD183,12,"9787805893273, 8, 10, 18), 9787805893297, 3, 5, 6, 12, 15, 16, 17, 21, 23), 9787805893280, 7, 9, 19, 20), 	9787805893303	, 13, 14, 22, 24, 25)",9787805893303
MW3PD183,13,"9787805893273, 8, 10, 18), 9787805893297, 3, 5, 6, 12, 15, 16, 17, 21, 23), 9787805893280, 7, 9, 19, 20), 	9787805893303	, 13, 14, 22, 24, 25)",9787805893297
MW3PD183,14,"9787805893273, 8, 10, 18), 9787805893297, 3, 5, 6, 12, 15, 16, 17, 21, 23), 9787805893280, 7, 9, 19, 20), 	9787805893303	, 13, 14, 22, 24, 25)",9787805893303
MW3PD183,15,"9787805893273, 8, 10, 18), 9787805893297, 3, 5, 6, 12, 15, 16, 17, 21, 23), 9787805893280, 7, 9, 19, 20), 	9787805893303	, 13, 14, 22, 24, 25)",9787805893303
MW3PD183,16,"9787805893273, 8, 10, 18), 9787805893297, 3, 5, 6, 12, 15, 16, 17, 21, 23), 9787805893280, 7, 9, 19, 20), 	9787805893303	, 13, 14, 22, 24, 25)",9787805893297
MW3PD183,17,"9787805893273, 8, 10, 18), 9787805893297, 3, 5, 6, 12, 15, 16, 17, 21, 23), 9787805893280, 7, 9, 19, 20), 	9787805893303	, 13, 14, 22, 24, 25)",9787805893297
MW3PD183,18,"9787805893273, 8, 10, 18), 9787805893297, 3, 5, 6, 12, 15, 16, 17, 21, 23), 9787805893280, 7, 9, 19, 20), 	9787805893303	, 13, 14, 22, 24, 25)",9787805893297
MW3PD183,19,"9787805893273, 8, 10, 18), 9787805893297, 3, 5, 6, 12, 15, 16, 17, 21, 23), 9787805893280, 7, 9, 19, 20), 	9787805893303	, 13, 14, 22, 24, 25)",9787805893273
MW3PD183,20,"9787805893273, 8, 10, 18), 9787805893297, 3, 5, 6, 12, 15, 16, 17, 21, 23), 9787805893280, 7, 9, 19, 20), 	9787805893303	, 13, 14, 22, 24, 25)",9787805893280
MW3PD183,21,"9787805893273, 8, 10, 18), 9787805893297, 3, 5, 6, 12, 15, 16, 17, 21, 23), 9787805893280, 7, 9, 19, 20), 	9787805893303	, 13, 14, 22, 24, 25)",9787805893280
MW3PD183,22,"9787805893273, 8, 10, 18), 9787805893297, 3, 5, 6, 12, 15, 16, 17, 21, 23), 9787805893280, 7, 9, 19, 20), 	9787805893303	, 13, 14, 22, 24, 25)",9787805893297
MW3PD183,23,"9787805893273, 8, 10, 18), 9787805893297, 3, 5, 6, 12, 15, 16, 17, 21, 23), 9787805893280, 7, 9, 19, 20), 	9787805893303	, 13, 14, 22, 24, 25)",9787805893303
MW3PD183,24,"9787805893273, 8, 10, 18), 9787805893297, 3, 5, 6, 12, 15, 16, 17, 21, 23), 9787805893280, 7, 9, 19, 20), 	9787805893303	, 13, 14, 22, 24, 25)",9787805893297
MW3PD183,25,"9787805893273, 8, 10, 18), 9787805893297, 3, 5, 6, 12, 15, 16, 17, 21, 23), 9787805893280, 7, 9, 19, 20), 	9787805893303	, 13, 14, 22, 24, 25)",9787805893303
MW3PD183,26,"9787805893273, 8, 10, 18), 9787805893297, 3, 5, 6, 12, 15, 16, 17, 21, 23), 9787805893280, 7, 9, 19, 20), 	9787805893303	, 13, 14, 22, 24, 25)",9787805893303

MW3PD188,1,9787802535633,?
MW3PD188,2,9787802535633,?
MW3PD188,3,9787802535633,?
MW3PD188,4,9787802535633,?
MW3PD188,5,9787802535633,?
MW3PD188,6,9787802535633,?
MW3PD188,7,9787802535633,?
MW3PD188,8,9787802535633,?
MW3PD188,9,9787802535633,?
MW3PD188,10,9787802535633,?
MW3PD188,11,9787802535633,?
MW3PD188,12,9787802535633,?
MW3PD188,13,9787802535633,?
MW3PD188,14,9787802535633,?
MW3PD188,15,9787802535633,?
MW3PD188,16,9787802535633,?
MW3PD188,17,9787802535633,?
MW3PD188,18,9787802535633,9787802535633

MW3PD232,1,9787542020932,?
MW3PD232,2,9787542020932,9787542020932

MW3PD235,1,9787542021700,?
MW3PD235,2,9787542021700,9787542021687

MW3PD329,1,"9787805892320, 9787805894942",9787805892320
MW3PD329,2,"9787805892320, 9787805894942",9787805894942

MW3PD360,1,"9787223032872, 9787223032889, 9787223039611, ",9787223032872
MW3PD360,2,"9787223032872, 9787223032889, 9787223039611, ",9787223032889
MW3PD360,3,"9787223032872, 9787223032889, 9787223039611, ",9787223039611

MW3PD393,1,9787105120550,?
MW3PD393,2,9787105120550,9787105128501

MW3PD398,1,"9787540953133, 9787540953164, 9787540953157, 9787540953140, ",9787540953133
MW3PD398,2,"9787540953133, 9787540953164, 9787540953157, 9787540953140, ",9787540953133
MW3PD398,3,"9787540953133, 9787540953164, 9787540953157, 9787540953140, ",9787540953133
MW3PD398,4,"9787540953133, 9787540953164, 9787540953157, 9787540953140, ",9787540953133
MW3PD398,5,"9787540953133, 9787540953164, 9787540953157, 9787540953140, ",9787540953133
MW3PD398,6,"9787540953133, 9787540953164, 9787540953157, 9787540953140, ",9787540953133
MW3PD398,7,"9787540953133, 9787540953164, 9787540953157, 9787540953140, ",9787540953133
MW3PD398,8,"9787540953133, 9787540953164, 9787540953157, 9787540953140, ",9787540953133
MW3PD398,9,"9787540953133, 9787540953164, 9787540953157, 9787540953140, ",9787540953133
MW3PD398,10,"9787540953133, 9787540953164, 9787540953157, 9787540953140, ",9787540953133
MW3PD398,11,"9787540953133, 9787540953164, 9787540953157, 9787540953140, ",9787540953133
MW3PD398,12,"9787540953133, 9787540953164, 9787540953157, 9787540953140, ",9787540953133
MW3PD398,13,"9787540953133, 9787540953164, 9787540953157, 9787540953140, ",9787540953133
MW3PD398,14,"9787540953133, 9787540953164, 9787540953157, 9787540953140, ",9787540953133
MW3PD398,15,"9787540953133, 9787540953164, 9787540953157, 9787540953140, ",9787540953164
MW3PD398,16,"9787540953133, 9787540953164, 9787540953157, 9787540953140, ",9787540953164
MW3PD398,17,"9787540953133, 9787540953164, 9787540953157, 9787540953140, ",9787540953164
MW3PD398,18,"9787540953133, 9787540953164, 9787540953157, 9787540953140, ",9787540953164
MW3PD398,19,"9787540953133, 9787540953164, 9787540953157, 9787540953140, ",9787540953157
MW3PD398,20,"9787540953133, 9787540953164, 9787540953157, 9787540953140, ",9787540953157
MW3PD398,21,"9787540953133, 9787540953164, 9787540953157, 9787540953140, ",9787540953157
MW3PD398,22,"9787540953133, 9787540953164, 9787540953157, 9787540953140, ",9787540953157
MW3PD398,23,"9787540953133, 9787540953164, 9787540953157, 9787540953140, ",9787540953157
MW3PD398,24,"9787540953133, 9787540953164, 9787540953157, 9787540953140, ",9787540953157
MW3PD398,25,"9787540953133, 9787540953164, 9787540953157, 9787540953140, ",9787540953157
MW3PD398,26,"9787540953133, 9787540953164, 9787540953157, 9787540953140, ",9787540953140
MW3PD398,27,"9787540953133, 9787540953164, 9787540953157, 9787540953140, ",9787540953140
MW3PD398,28,"9787540953133, 9787540953164, 9787540953157, 9787540953140, ",9787540953140
MW3PD398,29,"9787540953133, 9787540953164, 9787540953157, 9787540953140, ",9787540953140
MW3PD398,30,"9787540953133, 9787540953164, 9787540953157, 9787540953140, ",9787540953140
MW3PD398,31,"9787540953133, 9787540953164, 9787540953157, 9787540953140, ",9787540953140
MW3PD398,32,"9787540953133, 9787540953164, 9787540953157, 9787540953140, ",9787540953140

MW4CN11901,1,"9787540982850, 9787540991265",9787540982850
MW4CN11901,2,"9787540982850, 9787540991265",9787540991265

MW4CZ294732,1,"9789383091393V.1), 9789383091409, 9789383091416, 9789383091423",9789383091393
MW4CZ294732,2,"9789383091393V.1), 9789383091409, 9789383091416, 9789383091423",9789383091409
MW4CZ294732,3,"9789383091393V.1), 9789383091409, 9789383091416, 9789383091423",9789383091416
MW4CZ294732,4,"9789383091393V.1), 9789383091409, 9789383091416, 9789383091423",9789383091423

MW4CZ294737,1,97881890173169788189017378,9788189017583
MW4CZ294737,2,97881890173169788189017378,9788189017361
MW4CZ294737,3,97881890173169788189017378,9788189017378

MW4CZ294923,1,818901756X,?
MW4CZ294923,2,818901756X,9788189017576

MW4CZ295067,1,8189017594,9788189017644
MW4CZ295067,2,8189017594,9788189017057
MW4CZ295067,3,8189017594,9788189017064

MW4CZ295072,1,8189017012,?
MW4CZ295072,2,8189017012,9788189017019
MW4CZ295072,3,8189017012,?
MW4CZ295072,4,8189017012,?

MW4CZ295074,1,8189017314,?
MW4CZ295074,2,8189017314,9788189017026

MW4CZ299892,1,9788190943642,?
MW4CZ299892,4,9788190943642,?
MW4CZ299892,5,9788190943642,9788190943642

MW4CZ354966,1,978725110081907,9787521100815
MW4CZ354966,2,978725110081907,9787521100822
MW4CZ354966,3,978725110081907,9787521100839
MW4CZ354966,4,978725110081907,9787521100846
MW4CZ354966,5,978725110081907,?
MW4CZ354966,6,978725110081907,9787521100860
MW4CZ354966,7,978725110081907,9787521100877
MW4CZ354966,8,978725110081907,9787521100884
MW4CZ354966,9,978725110081907,9787521100891
MW4CZ354966,10,978725110081907,9787521100907

MW4CZ354999,1,9788193790960,9789387974456
MW4CZ354999,2,9788193790960,9789387974463
MW4CZ354999,3,9788193790960,9789387974470

MW4CZ355000,1,"9788193790908, 9788193790915, 9788193790922, 9788193790960, 9788193790939, 9788193790946",9788193790908
MW4CZ355000,2,"9788193790908, 9788193790915, 9788193790922, 9788193790960, 9788193790939, 9788193790946",9788193790915
MW4CZ355000,3,"9788193790908, 9788193790915, 9788193790922, 9788193790960, 9788193790939, 9788193790946",9788193790922
MW4CZ355000,4,"9788193790908, 9788193790915, 9788193790922, 9788193790960, 9788193790939, 9788193790946",9788193790946
MW4CZ355000,5,"9788193790908, 9788193790915, 9788193790922, 9788193790960, 9788193790939, 9788193790946",9788193790939
MW4CZ355000,6,"9788193790908, 9788193790915, 9788193790922, 9788193790960, 9788193790939, 9788193790946",9788193790960

MW4CZ364069,1,9787542138040,?
MW4CZ364069,2,9787542138040,?
MW4CZ364069,3,9787542138040,9787542138040

MW4CZ364075,1,9787542147912754216807542188275421875754218997542184475421905,9787542147905
MW4CZ364075,2,9787542147912754216807542188275421875754218997542184475421905,9787542145680
MW4CZ364075,3,9787542147912754216807542188275421875754218997542184475421905,9787542147844
MW4CZ364075,4,9787542147912754216807542188275421875754218997542184475421905,9787542147899
MW4CZ364075,5,9787542147912754216807542188275421875754218997542184475421905,9787542147875
MW4CZ364075,6,9787542147912754216807542188275421875754218997542184475421905,9787542147882
MW4CZ364075,7,9787542147912754216807542188275421875754218997542184475421905,9787542147912

MW4CZ364098,1,,9787105147489
MW4CZ364098,2,,?

MW4CZ57130,1,9787805890876,5781821890876
MW4CZ57130,2,9787805890876,?
MW4CZ57130,3,9787805890876,?
MW4CZ57130,4,9787805890876,5781881890816
MW4CZ57130,5,9787805890876,?
MW4CZ57130,6,9787805890876,?

MW4PD2393,1,9787521101331,?
MW4PD2393,2,9787521101331,?
MW4PD2393,3,9787521101331,9787521101331
MW4PD2393,4,9787521101331,?
MW4PD2393,5,9787521101331,?
MW4PD2393,6,9787521101331,?
MW4PD2393,7,9787521101331,?
MW4PD2393,8,9787521101331,?
MW4PD2393,9,9787521101331,?
MW4PD2393,10,9787521101331,0014100004806
MW4PD2393,11,9787521101331,?
MW4PD2393,12,9787521101331,0013100005783
MW4PD2393,13,9787521101331,?
MW4PD2393,14,9787521101331,?
MW4PD2393,15,9787521101331,0013418000081
MW4PD2393,16,9787521101331,9787521101331
MW4PD2393,17,9787521101331,?
MW4PD2393,18,9787521101331,?
MW4PD2393,19,9787521101331,?
MW4PD2393,20,9787521101331,?
MW4PD2393,21,9787521101331,9787521101331
MW4PD2393,22,9787521101331,?
MW4PD2393,23,9787521101331,?
MW4PD2393,24,9787521101331,?
MW4PD2393,25,9787521101331,?
MW4PD2393,26,9787521101331,?
MW4PD2393,27,9787521101331,?
MW4PD2393,28,9787521101331,9787521101331
MW4PD2393,29,9787521101331,9787521101331
MW4PD2393,30,9787521101331,?
MW4PD2393,31,9787521101331,9787521101331
MW4PD2393,32,9787521101331,9787521101331
MW4PD2393,33,9787521101331,?
MW4PD2393,34,9787521101331,9787521101331
MW4PD2393,35,9787521101331,9787521101331
MW4PD2393,36,9787521101331,9787521101331
MW4PD2393,37,9787521101331,9787521101331
MW4PD2393,38,9787521101331,?
MW4PD2393,39,9787521101331,?

MW4PD3076,1,9787540961350,?
MW4PD3076,2,9787540961350,?
MW4PD3076,3,9787540961350,?
MW4PD3076,4,9787540961350,?
MW4PD3076,5,9787540961350,?
MW4PD3076,6,9787540961350,?
MW4PD3076,7,9787540961350,?
MW4PD3076,8,9787540961350,?
MW4PD3076,9,9787540961350,?
MW4PD3076,10,9787540961350,?
MW4PD3076,11,9787540961350,?
MW4PD3076,12,9787540961350,?
MW4PD3076,13,9787540961350,?
MW4PD3076,14,9787540961350,?
MW4PD3076,15,9787540961350,?
MW4PD3076,16,9787540961350,?
MW4PD3076,17,9787540961350,?
MW4PD3076,18,9787540961350,?
MW4PD3076,19,9787540961350,?
MW4PD3076,20,9787540961350,?
MW4PD3076,21,9787540961350,?
MW4PD3076,22,9787540961350,?
MW4PD3076,23,9787540961350,?
MW4PD3076,24,9787540961350,?
MW4PD3076,25,9787540961350,?
MW4PD3076,26,9787540961350,?
MW4PD3076,27,9787540961350,?
MW4PD3076,28,9787540961350,?
MW4PD3076,29,9787540961350,?
MW4PD3076,30,9787540961350,?
MW4PD3076,31,9787540961350,9787540962173

MW8CZ260,1,9787540980399,?
MW8CZ260,2,9787540980399,9787540980382

MW8LS17499,1,,?
MW8LS17499,2,,9787542128348
MW8LS17499,3,,?

MW8LS20594,1,"9787540960308, 9787540960322, 9787540960339, 9787540960315",9787540960308
MW8LS20594,2,"9787540960308, 9787540960322, 9787540960339, 9787540960315",9787540960322
MW8LS20594,3,"9787540960308, 9787540960322, 9787540960339, 9787540960315",9787540960339
MW8LS20594,4,"9787540960308, 9787540960322, 9787540960339, 9787540960315",9787540960315

MW8LS20600,1,"9787540945008, 9787540943493",9787540945008
MW8LS20600,2,"9787540945008, 9787540943493",9787540943493

MW8LS20604,1,9787540943486,9787540943486
MW8LS20604,2,9787540943486,?

MW8LS66417,1,,9787542114822
MW8LS66417,3,,?
MW8LS66417,4,,?
MW8LS66417,5,,?
MW8LS66417,6,,?
MW8LS66417,7,,?
MW8LS66417,8,,?
MW8LS66417,9,,?
MW8LS66417,10,,?

MW8LS66488,1,9788189165895,9788189165895
MW8LS66488,2,9788189165895,?

MW8LS66512,1,"9789380359267, 9789380359274, 9789380359359",9789380359267
MW8LS66512,2,"9789380359267, 9789380359274, 9789380359359",9789380359267
MW8LS66512,3,"9789380359267, 9789380359274, 9789380359359",9789380359359

MW8LS66735,1,9787223056625,9787223056625
MW8LS66735,2,9787223056625,9787223054416
MW8LS66735,3,9787223056625,9787223055697
MW8LS66735,4,9787223056625,9787223055666
MW8LS66735,5,9787223056625,?
MW8LS66735,6,9787223056625,?
MW8LS66735,7,9787223056625,?
MW8LS66735,8,9787223056625,9787223054454

MW8LS66751,4,9787223036320,9787223036320
MW8LS66751,5,9787223036320,?

MW8LS66768,1,"9787223059695, 97872230559671",9787223059695
MW8LS66768,2,"9787223059695, 97872230559671",?

MW8LS66789,1,9787223053716,?
MW8LS66789,2,9787223053716,9787223053716

MW8LS73740,1,,?
MW8LS73740,2,,9789624502664
MW8LS73740,3,,9787540930967
MW8LS73740,4,,9787542138897

MW8LS75802,2,9789380091129,9789380091129
MW8LS75802,3,9789380091129,?
MW8LS75802,6,9789380091129,?
MW8LS75802,11,9789380091129,?

MW8LS75947,1,9787542034502,9787542034502
MW8LS75947,2,9787542034502,9787542034502
MW8LS75947,3,9787542034502,9787542034472
MW8LS75947,4,9787542034502,?
MW8LS75947,5,9787542034502,9787542034519
MW8LS75947,6,9787542034502,9787542034496
MW8LS75947,7,9787542034502,9787542034489
MW8LS75947,8,9787542034502,9787542034526
MW8LS75947,9,9787542034502,9787542034526

MW8LS75974,1,9787542035288,9787542031419
MW8LS75974,2,9787542035288,9787542035301
MW8LS75974,3,9787542035288,9787542035301
MW8LS75974,4,9787542035288,9787542031471
MW8LS75974,5,9787542035288,9787542031488
MW8LS75974,6,9787542035288,9787542031464
MW8LS75974,7,9787542035288,9787542031457
MW8LS75974,8,9787542035288,9787542031440
MW8LS75974,9,9787542035288,?
MW8LS75974,10,9787542035288,9787542035318
MW8LS75974,11,9787542035288,9787542031402
MW8LS75974,12,9787542035288,9787542035370
MW8LS75974,13,9787542035288,9787542035325
MW8LS75974,14,9787542035288,9787542035349
MW8LS75974,15,9787542035288,9787542035363
MW8LS75974,16,9787542035288,9787542031433
MW8LS75974,17,9787542035288,9787542031396
MW8LS75974,18,9787542035288,9787542035295
MW8LS75974,19,9787542035288,9787542035332
MW8LS75974,20,9787542035288,9787542035288

MW8LS76126,1,,?
MW8LS76126,2,,?
MW8LS76126,3,,?
MW8LS76126,4,,?
MW8LS76126,5,,?
MW8LS76126,6,,?
MW8LS76126,7,,9787540922559

MW8LS77509,1,7800570312,9787800570315
MW8LS77509,2,7800570312,?
MW8LS77509,3,7800570312,9787800570421

