MW00EGS1016968,9788189017194
MW1AC16,9787223047531
MW1AC54,9787223032728
MW1KG116474,9789384244996
MW1KG13816,9799783603669
MW1KG14605,9787542117601
MW1KG14648,9788189210069
MW1KG14650,9788189210106
MW1KG14665,9788189210113
MW1KG14678,9788189210151
MW1KG14742,9787802534322
MW1KG16559,9787542114075
MW1KG18425,9789383068104
MW1KG22905,9789624509229
MW1KG22906,9787223009935
MW1KG23616,9788190648769
MW1KG24460,9788679912077
MW1KG24481,9789382020950
MW1KG25722,9787542124999
MW1KG26105,9788190738583
MW1KG6202,9788186230718
MW1PD133158,9787223029179
MW1PD137785,9787105128501
MW1PD137802,9787105097050
MW1PD137833,9787540941871
MW1PD152298,9787900736147
MW1PD152300,9787564944162
MW1PD152306,9787900736468
MW1PD159434,9787105084708
MW20510,9787542008107
MW22362,9771006020002
MW2KG207344,9789937020107
MW2KG207345,9789624500905
MW3CN10675,9788192698847
MW3CN15692,9789383091546
MW3CN26913,9789887872726
MW3CN3215,9787802536913
MW3CN3440,9787805891378
MW3CN4850,9789881263216
MW3CN512,9787886180231
MW3CN5642,9787542026354
MW3CN6629,9787223044066
MW3CN6691,9787223021494
MW3CN7907,1253354563151
MW3CN8021,9789888316779
MW3CN8182,9787540940072
MW3CN8188,9787540941475
MW3CN8191,9787540932800
MW3CN8194,9787540927691
MW3KG69,9789889955915
MW3KG75,9787105157938
MW4CZ294726,9789384244613
MW4CZ294728,9772394298301
MW4CZ294733,9789383091362
MW4CZ294920,9788189017545
MW4CZ295077,9788189017088
MW4CZ295765,9789384244873
MW4CZ296093,9789383091492
MW4CZ299886,9789937013215
MW4CZ307987,9788187127819
MW4CZ315269,9789937202916
MW4CZ328528,9788190737678
MW4CZ332380,9787223016353
MW4CZ333417,9789385864728
MW4CZ346621,9788190737678
MW4CZ346628,9789383091348
MW4CZ354425,9789387023758
MW4CZ355891,9781951096915
MW4CZ364098,9787105147489
MW4CZ367174,9788190226912
MW4CZ369317,9787105025077
MW4CZ369325,9787105056484
MW4CZ369326,9787542010988
MW8CZ79,9787105029716
MW8CZ85,9787105092772
MW8LS17499,9787542128348
MW8LS17983,9789937841344
MW8LS17984,9789380282176
MW8LS17993,9788186227732
MW8LS17995,9789383441686
MW8LS18002,9789383441624
MW8LS18018,9788186419854
MW8LS18547,9787105081455
MW8LS18853,9787105105724
MW8LS19165,9787105071043
MW8LS20390,9787802536845
MW8LS20733,9789993684305
MW8LS22941,9788189165024
MW8LS23418,9788189165062
MW8LS23993,9788189165079
MW8LS24056,9788192018980
MW8LS24062,9788186227688
MW8LS25039,2456587898970
MW8LS25040,2456587898970
MW8LS25054,9789380282176
MW8LS26576,9789380359090
MW8LS26582,9789380359809
MW8LS26585,9789380359762
MW8LS26591,9789380359755
MW8LS26594,9789383441037
MW8LS26597,9789383441105
MW8LS26603,9789383441143
MW8LS26619,9789384839567
MW8LS26631,9789384839574
MW8LS34504,9789387023031
MW8LS34507,9789387023062
MW8LS35883,9789380282794
MW8LS35892,9789380282664
MW8LS35895,9789380282817
MW8LS41706,3046920028691
MW8LS41707,9788190900607
MW8LS41708,9788190900607
MW8LS41878,9788189657352
MW8LS41880,9788189657352
MW8LS41881,9781907350023
MW8LS41962,9788192660370
MW8LS41970,9781943271054
MW8LS41972,9789384244507
MW8LS41992,9789624507621
MW8LS41993,9787105091287
MW8LS42114,9788291841861
MW8LS42133,9787508501628
MW8LS42203,9789382020981
MW8LS42218,9789384244736
MW8LS42219,9789384839932
MW8LS42228,9788234535789
MW8LS42246,9787105028399
MW8LS42248,9787542112262
MW8LS42249,9787542114181
MW8LS42256,9788189096069
MW8LS42273,9788190602372
MW8LS42283,9788192326351
MW8LS43790,9787223015035
MW8LS43793,9787223015196
MW8LS43796,9787223020640
MW8LS43799,9789624509212
MW8LS43805,9787886180231
MW8LS43808,9787223014243
MW8LS43811,9787223030137
MW8LS43814,9787223030106
MW8LS43817,9787223032698
MW8LS44157,9787223018067
MW8LS44163,9787540942700
MW8LS44166,9787105100088
MW8LS44169,9787223007016
MW8LS44172,9787540933067
MW8LS44175,9787223031820
MW8LS44185,9787540962319
MW8LS44188,9787900736345
MW8LS66236,9789382020608
MW8LS66293,9789387023390
MW8LS66296,9789387023369
MW8LS66346,9789380365848
MW8LS66349,9789380365848
MW8LS66398,9789387974128
MW8LS66402,9789387974135
MW8LS66417,9787542114822
MW8LS66423,9787540964887
MW8LS66509,9787802538856
MW8LS66518,9789380359137
MW8LS66539,9789384244910
MW8LS66540,9789387974029
MW8LS66542,9789387974142
MW8LS66552,9878394944214
MW8LS66711,9787503454547
MW8LS66715,9789387974302
MW8LS67510,9789380091860
MW8LS67562,9787542005205
MW8LS68378,9788157472833
MW8LS68379,9788157424382
MW8LS68380,9788157465453
MW8LS73433,9787506383769
MW8LS75669,9787542408501
MW8LS76065,9787542033321
MW8LS76126,9787540922559
MW8LS76759,9788186470916
MW8LS76762,9788192681153
MW8LS76928,9789380359168
MW8LS76949,9789380754512
MW8LS77215,9789382020271
MW8LS77236,9788189165833
MW8LS77391,9787105071593
MW8LS77394,9787105071562
MW8LS77397,9787105071548
MW8LS77400,9787105071609
MW8LS77403,9787105071616
MW8LS77433,9787105120888
MW8LS77637,9781931571012
MW8LS77761,9787223015974