MW00EGS1016181,7540932317,9787540932312
MW00EGS1016774,7223017945,9787223017947
MW00EGS1016924,7105074183,9787105074181
MW00EGS1016928,7542110527,9787542110527
MW00EGS1016943,7542110349,9787542110343
MW00EGS1016954,7542109952,9787542109958
MW00EGS1016969,8190238221,9788190238229
MW00EGS1016982,7223016035,9787223016032
MW00EGS1017117,7105078200,9787105078202
MW00EGS1017123,7223019573,9787223019576
MW00EGS1017133,9624507651,9789624507652
MW00EGS1017134,9621507902,9789624507904
MW00EGS1017157,7105086167,9787105080168
MW00EGS1017181,7223014997,9787223014991
MW00EGS1017316,7105071206,9787105071203
MW00EGS1017319,7105071826,9787105071821
MW00EGS1017322,9624505950,9789624505955
MW00EGS1017334,7223004227,9787223004206
MW00EGS1017362,7540932503,9787540932503
MW00EGS1017393,7540933089,9787540933081
MW00EGS1017396,7105072059,9787105072057
MW00EGS1017419,710507454X,9787105074549
MW00EGS1017421,7105074550,9787105074457
MW00EGS1017422,710507793X,9787105077939
MW00JR1718,7105077972,9787105077977
MW00JR585,7105077956,9787105077953
MW00KG010260,7542109316,9787542109316
MW00KG010265,7105077905,9787105077908
MW00KG010266,7542009575,9787542009579
MW00KG013,7540932325,9787540932329
MW00KG01502,7105073837,9787105073832
MW00KG01509,7105073705,9787105073702
MW00KG01510,7105080523,9787105080526
MW00KG01518,7105021675,9787105021673
MW00KG01519,7105024550,9787105024551
MW00KG01520,7105042966,9787105042968
MW00KG01521,7105054301,9787105054305
MW00KG01522,7105060204,9787105060207
MW00KG016,7540930659,9787540930653
MW00KG017,7540932279,9787540932275
MW00KG018,7540932368,9787540932367
MW00KG02744,7805890439,9787805890432
MW00KG02759,7105055154,9787105055159
MW00KG02764,780057198X,9787800571985
MW00KG03666,754201031X,9787542010315
MW00KG03673,8184637101,9788184637106
MW00KG03680,710507387X,9787105073870
MW00KG03685,7105062649,9787105062645
MW00KG03695,819023823X,9788190238236
MW00KG03886,9624505918,9789624505917
MW00KG05,7105078308,9787105078301
MW00KG0538,7105080108,9787105080106
MW00KG06,7105054131,9787105054138
MW00KG0614,7105077921,9787105077922
MW00KG0618,710505896X,9787105058969
MW00KG0619,7542104020,9787542104021
MW00KG0622,7105066202,9787105066209
MW00KG07624,7540932449,9787540932442
MW00KG07627,7540932457,9787540932459
MW00KG07630,7105079851,9787105079858
MW00KG07633,7542105515,9787542105516
MW00KG07635,7105026235,9787105026234
MW00KG08,7105079746,9787105079742
MW00KG08364,7542109715,9787542109712
MW00KG08439,7542009729,9787542009722
MW00KG08442,7105077964,9787105077960
MW00KG09,7540932910,9787540932916
MW00KG09670,7223017236,9787223017237
MW00KG09671,7223017333,9787223017336
MW00KG09688,7542005111,9787542005113
MW00KG09691,7542005103,9787542005106
MW00KG09700,7223018801,9787223018807
MW00KG09730,7105025034,9787105025039
MW00KG09753,7800577708,9787800577703
MW00KG09764,7105041161,9787105041169
MW00KG09977,7540926333,9787540926335
MW00KG09978,7540933054,9787540933050
MW00PD1011327,7105080116,9787105080113
MW00PD1011352,7105074396,9787105074396
MW1,7105026154,9787105026159
MW10319,7542005464,9787542005465
MW11757,7542104071,9787542104076
MW11825,7540919086,9787540919085
MW12034,7542005421,9787542005427
MW12642,7540922524,9787540922528
MW13649,7105025948,9787105025947
MW13887,7542005278,9787542005274
MW14132,710502626X,9787105026265
MW14133,7542008110,9787542008114
MW147,7542108204,9787542108203
MW15222,7542103067,9787542103062
MW15229,7105030224,9787105030224
MW15269,962450150582X,9789624505825
MW15925,7105074388,9787105074389
MW15973,7105033770,9787105033775
MW16079,7540914459,9787540914455
MW17021,7800572714,9787800572715
MW17084,7800572994,9787800572999
MW17198,7542104322,9787542104328
MW17199,7542103903,9787542103901
MW17317,7223007230,9787223007238
MW17319,7105027991,9787105027996
MW17633,7542105361,9787542105363
MW17635,7542104330,9787542104335
MW17722,7105038764,9787105038763
MW17788,754200686X,9787542006868
MW18121,7542006150,9787542006158
MW18122,7105027436,9787105027439
MW18126,7542105469,9787542105462
MW18130,7105031190,9787105031191
MW18133,7542105582,9787542105585
MW18134,7542103784,9787542105592
MW18139,7223011254,9787223011259
MW19227,7540919183,9787540919184
MW19255,7542103326,9787542103321
MW19277,7542005472,9787542005472
MW19354,7542104780,9787542104786
MW19578,7542006568,9787542006561
MW19678,7105021624,9787105021628
MW19792,7540922419,9787540922412
MW19831,7540917849,9787540917845
MW19834,7542105140,9787542105141
MW19835,7542104896,9787542104892
MW19848,7542103997,9787542103994
MW19947,710503741X,9787105027415
MW19949,7105029870,9787105029877
MW19952,7542103164,9787542103161
MW19965,7542105175,9787542105172
MW19967,7105034386,9787105034383
MW19968,7542008617,9787542008619
MW19970,7542102109,9787542102102
MW19974,7542103032,9787542103031
MW19987,7542008226,9787542008220
MW19990,7105036877,9787105036875
MW19993,7542105523,9787542105523
MW19996,7540919108,9787540919108
MW1AC341,9787505985605,9787542012265
MW1AC395,7542008471,9787542008473
MW1AC9,9787223037556,9787223038980
MW1CZ2262,7223017473,9787223017473
MW1CZ2278,7801138368,9787801138361
MW1CZ2284,7105041536,9787105041534
MW1CZ2392,9624503548,9789624506617
MW1CZ2407,9994673319,9789994673315
MW1CZ2408,7540933070,9787540933074
MW1CZ2413,7223015020,9787223015028
MW1CZ690,7800577554,9787800577550
MW1GS44028,7105025964,9787105025961
MW1GS44055,7105031832,9787105031832
MW1GS44056,7105036311,9787105036318
MW1GS60373,722301959X,9787223019590
MW1GS60377,7105081287,9787105081288
MW1GS60700,7542012274,9787542012272
MW1GS61408,7540930829,9787540930820
MW1GS61414,7105078413,9787105078417
MW1GS61415,7800576728,9787800576720
MW1GS66286,780057573X,9787800575730
MW1GS66287,7800577546,9787800577543
MW1GS66291,7800578135,9787800578137
MW1GS983,7105076623,9787105076628
MW1KG10155,7540908564,9787540908560
MW1KG109096,7540924756,9787540924751
MW1KG109098,7105076771,9787105076772
MW1KG116063,8190238256,9788190238243
MW1KG116069,8192688299,9788192688299
MW1KG12059,7105059605,9787105059607
MW1KG12070,7540919981,9787540919986
MW1KG12421,9604566581,9787542110541
MW1KG12514,818916502X,9788189165024
MW1KG13697,7542010271,9787542010278
MW1KG13787,8189096087,9788189096083
MW1KG13813,8190201107,9788190201100
MW1KG13995,9789388359700,9789380359700
MW1KG14531,7542118509,9787542118509
MW1KG14555,9624509530,9789962450375
MW1KG14616,9787105097227,9787105097210
MW1KG14673,8189210033,9788189210038
MW1KG14780,7536726805,9787536726802
MW1KG14786,7540932341,9787540932343
MW1KG14795,7542006495,9787542006493
MW1KG15210,7800578801,9787800578809
MW1KG15521,7542106007,9787542106001
MW1KG16573,7542107615,9787542107619
MW1KG16598,9787542018908,9787542018984
MW1KG1660,7540933313,9787540933319
MW1KG16600,7105027940,9787105027941
MW1KG16602,7105027967,9787105027965
MW1KG16603,7105027975,9787105027972
MW1KG16609,7105021632,9787105021635
MW1KG16610,7105027487,9787105027484
MW1KG16611,7105030232,9787105030231
MW1KG16612,7105030240,9787105030248
MW1KG16613,7105050772,9787105050772
MW1KG1677,9624509530,9789962450375
MW1KG1678,7542110497,9787542110497
MW1KG16786,7805890293,9787805890296
MW1KG16793,7805890625,9787805890623
MW1KG16794,7805890455,9787805890456
MW1KG16795,7805890447,9787805890449
MW1KG16796,710504750X,9787105047505
MW1KG16797,7105050756,9787105050758
MW1KG16798,7105050764,9787105050765
MW1KG16799,7105070730,9787105070732
MW1KG16800,7105058625,9787105058624
MW1KG16801,710505686X,9787105056866
MW1KG16803,7105058587,9787105058587
MW1KG16804,7105058609,9787105058600
MW1KG16805,7105070722,9787105070725
MW1KG16806,7105071788,9787105071784
MW1KG1685,7540933305,9787540933302
MW1KG16945,7105074353,9787105074358
MW1KG16947,7105047321,9787105047321
MW1KG17023,7540921331,9787540921330
MW1KG17024,7540921366,9787540921361
MW1KG17025,7540922516,9787540922511
MW1KG17179,7800574067,9787800574061
MW1KG17603,7105036141,9787105036141
MW1KG18407,7223012838,9787223012836
MW1KG18566,7105028173,9787105028177
MW1KG18578,8190236083,9788190236089
MW1KG18624,8189096095,9788189096090
MW1KG18626,8189096087,9788189096083
MW1KG18628,8186230645,9788186230640
MW1KG18766,9788190602322,9788190602327
MW1KG1892,710507986X,9787105079865
MW1KG21136,8189657356,9788189657352
MW1KG21223,7223007664,9787223007665
MW1KG21230,7536711530,9787536711532
MW1KG21231,7105072784,9787105072781
MW1KG21273,7105077948,9787105077946
MW1KG21274,7542111353,9787542111357
MW1KG2155,9624507600,9789624507607
MW1KG21596,7542105922,9787542105929
MW1KG21597,7105054816,9787105054817
MW1KG21707,7540915412,9787540915414
MW1KG21708,7542011154,9787542011152
MW1KG21759,7223003952,9787223003957
MW1KG21760,7542105264,9787542105264
MW1KG21761,7540918926,9787540918927
MW1KG21817,7223003952,9787223003957
MW1KG21820,9624508631,9789624508635
MW1KG21821,7105074418,9787105074419
MW1KG21827,7542107038,9787542107039
MW1KG22001,7800573052,9787800573057
MW1KG22207,8186419241,9788186419243
MW1KG22948,7542107844,9787542107848
MW1KG22986,7105077352,9787105077359
MW1KG22987,7105028718,9787105028719
MW1KG22990,7105021640,9787105021642
MW1KG23742,9624507929,9789624507928
MW1KG23746,7105081929,9787105081929
MW1KG23751,7223019719,9787223019712
MW1KG23819,7223014644,9787223014649
MW1KG24021,7105024305,9787105024308
MW1KG24035,7223016191,9787223016193
MW1KG24041,9624507961,9789624507966
MW1KG24794,7105030585,9787105030583
MW1KG24865,9787105132614,9787105120666
MW1KG24977,9787105094233,9781105702181
MW1KG25015,9787105070824,9787802537989
MW1KG25356,754200848X,9787542008480
MW1KG26068,9789383441761,9789380359762
MW1KG26070,9789383091485,9789387023505
MW1KG26280,819020114X,9788190201148
MW1KG4253,9624507635,9789624507928
MW1KG4254,9624507929,9789624507928
MW1KG4255,9624507635,9789624507638
MW1KG4268,9624500895,9789624500899
MW1KG4306,8189017292,9788189017293
MW1KG4425,7223015799,9787223015790
MW1KG4432,0520204379,9780520204379
MW1KG4454,7805956014,9787805956015
MW1KG4855,8190464116,9788190464116
MW1KG4860,962450072X,9789624500721
MW1KG4863,8187661968,9788187661962
MW1KG4932,8190238248,9788190238243
MW1KG5252,7542109030,9787542109033
MW1KG5254,7105031913,9787105031917
MW1KG5258,7105064560,9787105064564
MW1KG5259,7105064463,9787105064465
MW1KG5260,710506451X,9787105064519
MW1KG5261,710506448X,9787105064489
MW1KG5263,7105064633,9787105064632
MW1KG5264,7105064498,9787105064496
MW1KG5265,7105064625,9787105064625
MW1KG5267,7105064617,9787105064618
MW1KG5269,7105064609,9787105064601
MW1KG5270,7105064595,9787105064595
MW1KG5272,7105064587,9787105064588
MW1KG5273,7105064579,9787105064571
MW1KG5274,7105064447,9787105064441
MW1KG5343,7105077980,9787105077984
MW1KG5344,7105077999,9787105077991
MW1KG5398,7542006606,9787542006608
MW1KG5476,9624505985,9789624505986
MW1KG5477,9624505985,9789624505986
MW1KG5478,9624505985,9789624505986
MW1KG5479,9624505985,9789624505986
MW1KG5724,7800574857,9787800574856
MW1KG5773,7536719671,9787536719675
MW1KG5812,9624506523,9789624506587
MW1KG5818,9624506582,9789624506587
MW1KG5842,7223007559,9787223007559
MW1KG5949,7105056592,9787105056590
MW1KG6001,7105078057,9787105078059
MW1KG6196,8190737651,9788190737654
MW1KG6200,9737800579431,9787800579431
MW1KG6291,8189017381,9788189017385
MW1KG6295,710506708X,9787105067084
MW1KG658,710505140X,9787105051403
MW1KG659,7105075996,9787105075997
MW1KG662,7105080698,9787105080694
MW1KG665,7105037008,9787105037001
MW1KG744,710508037X,9787105080373
MW1KG746,7105067438,9787105067435
MW1KG8466,7800578763,9787800578762
MW1KG8474,7223017473,9787223017473
MW1KG8475,7223000422,9787223000420
MW1KG857,7508505158,9787508505152
MW1KG861,7508505905,9787508505909
MW1KG862,7508507622,9787508507620
MW1KG866,7508505913,9787508505916
MW1KG869,7508505921,9787508505923
MW1KG871,8186230580,9798186230588
MW1KG873,750850593X,9787508505930
MW1KG875,7542110926,9787542110923
MW1PD108085,7105076127,9787105076123
MW1PD108093,7105005785,9787105005789
MW1PD137784,9787105112616,9787105112647
MW1PD137786,9787105112623,9787105112647
MW1PD137788,9787105112401,9787105112647
MW1PD137854,7542111361,9787542111364
MW1PD137867,7540914467,9787540914462
MW1PD152286,9797802532632,9787802532632
MW1PD152287,7542009370,9787542009371
MW1PD159419,9879624505825,9789624505825
MW1PD181200,7542008412,9787542008411
MW1PD36435,7536714408,9787536714403
MW1PD45154,710502268X,9787105022687
MW1PD5302,7542009680,9787542009685
MW1PD53750,7542010476,9787542010476
MW1PD83976,7540933437,9787540933432
MW1PD83981,7223013753,9787223013758
MW1PD86468,7105079738,9787105079735
MW1PD86474,7223011351,9787223011358
MW1PD89,754210943X,9787542109439
MW1PD90002,7561412711,9787561412718
MW1PD90007,756141501X,9787561415016
MW1PD91,7542109448,9787542109446
MW1PD92,722301766X,9787223017664
MW1PD95799,7119034979,9787119034973
MW1PD96069,7105074213,9787105074211
MW1PD97,7542010166,9787542010162
MW20007,754200848X,9787542008480
MW20010,754210490X,9787542104908
MW20013,7542005316,9787542005311
MW20014,7223010959,9787223010955
MW20015,7540918659,9787540918651
MW20017,754200641X,9787542006417
MW20018,7105030151,9787105030156
MW20023,7542105833,9787542105837
MW20025,7105033754,9787105033751
MW20026,7540915722,9787540915728
MW20028,7540922400,9787540922405
MW20033,7542007041,9787542007049
MW20036,7542005227,9787542005229
MW20042,754200509X,9787542005090
MW20044,754210635X,9787542106353
MW20062,7542105159,9787542105158
MW20065,7223008970,9787223008976
MW20066,754200851X,9787542008510
MW20069,7105024143,9787105024148
MW20070,7105039124,9787105039128
MW20074,7542107054,9787542107053
MW20076,7105029730,9787105029730
MW20077,7542008560,9787542008565
MW20086,7105035781,9787105035786
MW20091,7223007354,9787223007351
MW20097,7540917792,9787540917791
MW20099,7542005057,9787542005052
MW20100,7105024488,9787105024483
MW20107,7105036893,9787105036899
MW20108,7105035889,9787105035885
MW20109,7542005405,9787542005403
MW20111,7542006401,9787542006400
MW20112,7542005413,9787542005410
MW20113,7542005391,9787542005397
MW20133,7542008358,9787542008350
MW20135,7542008234,9787542008237
MW20138,7542106538,9787542106537
MW20141,7115038640,9787105038640
MW20142,754200834X,9787542008343
MW20143,7105034661,9787105034666
MW20152,7540923865,9787540923860
MW20172,754210571X,9787542105714
MW20176,7542008528,9787542008527
MW20179,7542005022,9787542005021
MW20184,7542107488,9787542107480
MW20186,722300701X,9787223007016
MW20189,7223008857,9787223008853
MW20191,7105033355,9787105033355
MW20197,7542104446,9787542104441
MW20198,7223012382,9787223012386
MW20204,754092280X,9787540922801
MW20205,7540923245,9787540923242
MW20208,7540922591,9787540922597
MW20209,754092389X,9787540923891
MW20218,7540919094,9787540919092
MW20220,710503131X,9787105031313
MW20222,7542008420,9787542008428
MW20225,7105035838,9787105035830
MW20227,7542103709,9787542103703
MW20230,7542107232,9787542107237
MW20334,7542106791,9787542106797
MW20337,7542005375,9787542005373
MW20384,7105037822,9787105037827
MW20390,7542008897,9787542008893
MW20392,7542104578,9787542104571
MW20395,7540920890,9787540920890
MW20396,7540916591,9787540916596
MW20397,7105035501,9787105035502
MW20399,7542105191,9787542105196
MW20400,7540918144,9787540918149
MW20402,7540913894,9787540913892
MW20403,7542104942,9787542104946
MW20404,7542104845,9787542104847
MW20405,7542103679,9787542103673
MW20406,7542103490,9787542103499
MW20407,7542103113,9787542108890
MW20408,7105036702,9787105036707
MW20410,7542107364,9787542107367
MW20411,754200543X,9787542005434
MW20414,7542007076,9787542007070
MW20415,9624505829,9789624505825
MW20417,7105030178,9787105030170
MW20418,7542106368,9787542106360
MW20420,7105038144,9787105038145
MW20424,7105035862,9787105035861
MW20426,7800573877,9787800573873
MW20427,754210537X,9787542105370
MW20431,7105034599,9787105034598
MW20438,7540915323,9787540915322
MW20452,7540918683,9787540918682
MW20453,7105033940,9787105033942
MW20455,7540914475,9787540914479
MW20457,7540916443,9787540916442
MW20464,722301217X,9787223012171
MW20473,7105025816,9787105025817
MW20555,7105030062,9787105030064
MW20556,7105032545,9787105032549
MW20557,7105038152,9787105038152
MW20563,754092375X,9787540923754
MW20565,7542103741,9787542103741
MW20571,754210649X,9787542106490
MW20574,7542105876,9787542105875
MW20577,7540923784,9787540923785
MW20827,7540913673,9787540913700
MW20828,7540914300,9787540914301
MW20829,7105026561,9787105026562
MW20832,7105035269,9787105035267
MW20834,7542105701,9787542105707
MW20839,7223007623,9787223007924
MW20841,7223007079,9787223007078
MW20842,7542006533,9787542006530
MW20850,7105023872,9787105023875
MW20852,710503792X,9787105037926
MW20855,7542104772,9787542104779
MW20916,780057024X,9787800570247
MW21015,7105030941,9787105030941
MW21017,7105041333,9787105041336
MW21498,7223011785,9787223011785
MW21510,7105041242,9787105041244
MW21582,7542106201,9787542106209
MW21592,7105043172,9787105043170
MW21595,7223011963,9787223011969
MW21598,7805890293,9787805890296
MW21599,7805890293,9787805890296
MW21600,7805890293,9787805890296
MW21601,7805890293,9787805890296
MW21602,7805890293,9787805890296
MW21609,7105036756,9787105038756
MW21610,754200915X,9787542009159
MW21615,7223000112,9787223000116
MW21619,7542106325,9787542106322
MW21620,7223012579,9787223012577
MW21621,7223012587,9787223012584
MW21625,962450613X,9789624506136
MW21626,7542008943,9787542008947
MW21627,7542107704,9787542107701
MW21634,7223003855,9787223003858
MW21653,710502562X,9787105025626
MW21655,7105030585,9787105030583
MW21658,7105034785,9787105034789
MW21659,7105034785,9787105038749
MW21663,7542106945,9787542106940
MW21672,7105040777,9787105040773
MW21673,7542009028,9787542009029
MW21678,7800572234,9787800572234
MW21679,7105036389,9787105036387
MW21680,7542002015,9787542006714
MW21682,7542005340,9787542005342
MW21694,962450638X,9789624506389
MW21696,7105032367,9787105032365
MW21701,7540920897,9787540920807
MW21707,7540922923,9787540922924
MW21708,710503615X,9787105036158
MW21717,7542103628,9787542103628
MW21742,7105040769,9787105040766
MW21747,7105031883,9787105031887
MW21752,754210523X,9787542105233
MW21762,7542008374,9787542008374
MW21770,7542105736,9787542105738
MW21797,7223004134,9787223004138
MW21805,7540922796,9787540922795
MW21821,7540921919,9787540921910
MW21822,7542107259,9787542107251
MW21827,7540917784,9787540917784
MW21838,7540923849,9787540923846
MW21842,7540922982,9787540922986
MW21846,7223007702,9787223007702
MW21847,7540917571,9787540917579
MW21859,7542103202,9787542103208
MW21863,7542006460,9787542006462
MW21873,7542104535,9787542104533
MW21875,7105028793,9787105028795
MW21878,7542105248,9787542105240
MW21880,7542104888,9787542104885
MW21884,7105027460,9787105027460
MW21902,7542008439,9787542008435
MW21907,7540920165,9787540920166
MW21909,7105031905,9787105031900
MW21912,7105028858,9787105028856
MW21913,754092005X,9787540920050
MW21914,754200512X,9787542005120
MW21916,7542106805,9787542106803
MW21932,7542009052,9787542009050
MW21933,7542107585,9787542107589
MW21934,7542107623,9787542107626
MW21943,7805890218,9787805890210
MW21966,7540923415,9787540923419
MW21970,7542107615,9787542107619
MW21971,7542001752,9787542008381
MW21973,7540923407,9787540923402
MW21980,7542104772,9787542104779
MW21995,7542105450,9787542105455
MW21997,7542104861,9787542104861
MW21999,7540919295,9787540919207
MW22006,7542008218,9787542008213
MW22009,7105035846,9787105035847
MW22015,7105029110,9787105029112
MW22029,7105029706,9787105029709
MW22038,7105025794,9787105025794
MW22039,7223021714,9787223012713
MW22045,7542104993,9787542104991
MW22046,7540921374,9787540921378
MW22050,7542105884,9787542105882
MW22056,7105031840,9787105031849
MW22057,7540923172,9787540923174
MW22097,7542008390,9787542008398
MW22099,7105025832,9787105025831
MW22151,7105038160,9787105038169
MW22165,754210540X,9787542105400
MW22174,7105041234,9787105041237
MW22179,7542005219,9787542005212
MW22181,7542005014,9787542005014
MW22294,7105036710,9787105036714
MW22358,962450615X,9789624506150
MW22361,9624504148,9789624504149
MW22432,7105041315,9787105041312
MW23663,7223013184,9787223013185
MW23671,7223012994,9787223012997
MW24589,7540928360,9787540928360
MW24591,7105057173,9787105057177
MW24686,7536711549,9787536711549
MW24790,7542008781,9787542008787
MW24822,7223014241,9787223014243
MW24823,7542009907,9787542009906
MW24824,7540927666,9787540927660
MW24825,7105043148,9787105043149
MW24826,7105055448,9787105055449
MW24827,7542107100,9787542107107
MW24989,7105005138,9787105055135
MW25006,7800575098,9787800575099
MW25052,7542008773,9787542008770
MW25054,962450072X,9789624500721
MW25056,7542010174,9787542010179
MW25093,7542100106,9787542100108
MW25094,7105024569,9787105024568
MW25095,7105052201,9787105052202
MW25096,7542108980,9787542108982
MW25097,7536727577,9787536727571
MW25111,7105057157,9787105057153
MW25112,7542104440,9787542104441
MW25114,7542108344,9787542108340
MW25115,7105048735,9787105048731
MW25116,7542009702,9787542009708
MW25117,9624505918,9789624505917
MW25120,9624509212,9789624509212
MW25121,7105051965,9787105051960
MW25122,7105055189,9787105055180
MW25124,710505431X,9787105054312
MW25126,7542108549,9787542108548
MW25127,7542005499,9787542005496
MW25139,9624505179,9789624505177
MW25141,7542109200,9787542109200
MW25143,722300309X,9787223003094
MW25148,9624506981,9789624506983
MW25155,9624501041,9789624501049
MW25159,7542006932,9787542006936
MW25167,7105049758,9787105049752
MW25184,754200994X,9787542009944
MW25185,9624506132,9789624506136
MW25189,9624505888,9789624505887
MW25197,7542108816,9787542108814
MW25198,9624502516,9789624501599
MW25199,7105051426,9787105051427
MW25213,9624509190,9789624509199
MW25214,7105049804,9787105049806
MW25215,7542010026,9787542010025
MW25219,7223014660,9787223014663
MW25220,9624501572,9789624501575
MW25221,7542108999,9787542108999
MW25246,7542109057,9787542109057
MW25247,710505445X,9787105054459
MW25250,7105051418,9787105051410
MW25253,962450582X,9789624505832
MW25256,7105052848,9787105052844
MW25257,710505381X,9787105053810
MW25258,7105052325,9787105052325
MW25260,9624501564,9789624501568
MW25262,7542108271,9787542108272
MW25263,962450105X,9789624501056
MW25264,9624509271,9789624509274
MW25265,7542009699,9787542008862
MW25275,7542108883,9787542108883
MW25278,7542108174,9787542108173
MW25985,7542009427,9787542009425
MW25986,7105049278,9787105049271
MW25991,7540927275,9787540927271
MW25993,7105058021,9787105058020
MW25995,7223015187,9787223015189
MW25998,7540927429,9787540927424
MW26000,7105056118,9787105056118
MW26003,9624509263,9789624509267
MW26004,9624502655,9789624501599
MW26005,754200977X,9787542009777
MW26008,7105058633,9787105058631
MW26009,7223015683,9787223015684
MW26028,7223015012,9787223015011
MW26176,7105055413,9787105055418
MW26179,7105058684,9787105058686
MW26183,962450282X,9789624502824
MW26372,7800575403,9787800575402
MW26674,7223015756,9787223015752
MW26963,7223013222,9787223013222
MW27016,7105035277,9787105035274
MW27021,7223016345,9787223016346
MW27024,7223014652,9787223014656
MW27301,962450301X,9789624503012
MW27302,780589017X,9787805890173
MW27303,7540916648,9787540916640
MW27304,754210635X,9787542106353
MW27306,7542106414,9787542106414
MW27308,7542108220,9787542108227
MW27314,7105030208,9787105030200
MW27321,7105061200,9787105061204
MW27323,7105052236,9787105052233
MW27324,7223015063,9787540926182
MW27493,7540925132,9787540925130
MW27495,7540926201,9787540926205
MW27496,7540924888,9787540924881
MW27497,754092487X,9787540924874
MW27498,7540928506,9787540928506
MW27499,7540928395,9787540928391
MW27500,7105060255,9787105060252
MW27524,7540921498,9787540921491
MW2831,7223009713,9787223009713
MW28738,9624505950,9789624505955
MW28803,7105063963,9787105063963
MW28813,7800576469,9787800576461
MW28829,7542008730,9787542008732
MW28832,7542010085,9787542010087
MW28834,7105029927,9787105029921
MW28835,7542009478,9787542009470
MW28840,7105043725,9787105043729
MW28843,7542008129,9787542008121
MW28844,9624509204,9789624509205
MW28846,754210487X,9787542104878
MW28847,9624502585,9789624501599
MW28848,9624509239,9789624509236
MW28851,7536728573,9787536728578
MW28852,9624506965,9789624506969
MW28855,7105026200,9787105026203
MW28856,7542005383,9787542005380
MW28857,7540926635,9787540926632
MW28858,7105053232,9787105053230
MW28860,7542108190,9787542108197
MW28866,7105052058,9787105052059
MW28869,7540929952,9787540929954
MW28876,9624501556,9789624501551
MW28885,7536713703,9787536713703
MW28894,7105026073,9787105026074
MW28925,9624506965,9789624506969
MW28926,9624502137,9789624502138
MW28927,7800575373,9787800575372
MW28928,780057539X,9787800575396
MW28932,7542009451,9787542009456
MW28933,7542006908,9787542006905
MW28934,7105030143,9787105030149
MW28935,754200526X,9787542005267
MW28941,7540929650,9787540929657
MW28950,7105023295,9787105023295
MW28951,7105060069,9787105060061
MW28952,7542009672,9787542009678
MW28953,7223003480,9787223003483
MW28958,7105063793,9787105063796
MW28959,7105065958,9787105065950
MW28960,7105066059,9787105066056
MW28964,7540928425,9787540928421
MW28965,7800576175,9787800576171
MW28967,7800575829,9787800575822
MW28969,7105066741,9787105066742
MW28970,7105066768,9787105066766
MW28971,7105066350,9787105066353
MW28972,7105066369,9787105066360
MW28973,7105066377,9787105066377
MW28974,7105066385,9787105066384
MW28975,7800574539,9787800574535
MW28979,7105066121,9787105066124
MW28980,7105062657,9787105062652
MW28981,7105063947,9787105063949
MW28982,7800576248,9787800576249
MW28983,7542009354,9787542009357
MW28990,7542107623,9787542107626
MW28996,7542106384,9787542106384
MW29011,7223014113,9787223014113
MW29012,7800575195,9787800575198
MW29014,9624508615,9789624508611
MW29015,7105035285,9787105035281
MW29018,7542009176,9787542009173
MW29022,7542010107,9787542010100
MW29032,7542009540,9787542009548
MW29039,7105061022,9787105061020
MW29040,7105063297,9787105063291
MW29060,7540929669,9787540929664
MW29090,7105064366,9787105064366
MW29091,7800756418,9787800576416
MW29093,7540929820,9787540929824
MW29095,962450562X,9789624505627
MW29106,710506465X,9787105064656
MW29143,7542009583,9787542009586
MW29144,7542006819,9787542006813
MW29145,962450587X,9789624505870
MW29146,7542009443,9787542009449
MW29147,7223016043,9787223016049
MW29149,7542006789,9787542006783
MW29150,7223015365,9787223015363
MW29153,7542009826,9787542009821
MW29185,7805883637,9787805883632
MW29201,722301606X,9787223016063
MW29229,7223015179,9787223015172
MW29231,962450769X,9789624507690
MW29233,7542109987,9787542109989
MW29234,7542109065,9787542109064
MW29235,7536731027,9787536731028
MW29237,7536726708,9787536726703
MW29238,7536731000,9787536731004
MW29239,7536731019,9787536731011
MW29240,7636729200,9787536729209
MW29242,9624502668,9789624502664
MW29267,7223016434,9787223016438
MW29284,7105069511,9787105069514
MW29293,7105068345,9787105068340
MW29294,7105069864,9787105069866
MW29295,7105069856,9787105069859
MW29297,7105069120,9787105069125
MW29298,7105068361,9787105068364
MW29363,7105071079,9787105071074
MW29374,7800576183,9787800576188
MW29477,710506689X,9787105066896
MW29483,7105064714,9787105064717
MW29484,710505283X,9787105052837
MW29488,7542107194,9787542107190
MW29490,754210862X,9787542108623
MW29493,7542109936,9787542109934
MW29495,7542107801,9787542107800
MW29496,7542108514,9787542108517
MW29498,7542108697,9787542108692
MW29509,8174721282,9788174721280
MW29510,7542006738,9787542006738
MW29515,7105061987,9787105061983
MW29517,7223004290,9787223004299
MW29518,962450864X,9789624508642
MW29520,9628839187,9789628735884
MW29523,7542010301,9787542010308
MW29559,7540930934,9787540930936
MW29560,7540930071,9787540930073
MW29563,7540930608,9787540930608
MW29627,7105070951,9787105070954
MW29631,7223015764,9787223015769
MW29648,7542008706,9787542008701
MW29651,9624507597,9789962450375
MW29653,7542005308,9787542005304
MW29654,7105071230,9787105071234
MW29680,7105072954,9787105072958
MW29894,7105061545,9787105061549
MW29895,710506207X,9787105062072
MW29896,7105061510,9787105061518
MW29897,7105060247,9787105060245
MW29899,7105055162,9787105055166
MW29900,7105061529,9787105061525
MW29901,7105060344,9787105060344
MW29902,7105062673,9787105062676
MW29903,7105053909,9787105053902
MW29975,7105060352,9787105060351
MW29976,7105062088,9787105062089
MW29978,7105061537,9787105061532
MW29979,7105060212,9787105060214
MW29980,7105060352,9787105060375
MW29981,7105061502,9787105061501
MW29982,7105064692,9787105064694
MW29984,7105058390,9787105058396
MW29987,7105072814,9787105072811
MW29989,7105072822,9787105072828
MW29991,7105069163,9787105069163
MW29993,7105072776,9787105072774
MW2CZ10142,7540917830,9787540917838
MW2CZ7868,7800576396,9787800576393
MW2CZ8025,7105072202,9787105072200
MW2CZ8046,7536722494,9787536722491
MW2CZ8048,7105054549,9787105054541
MW2CZ8081,7223003537,9787223003537
MW2CZ9080,8190201123,9788190201124
MW2DB13635,710507809X,9787105078097
MW2DB16424,962450864X,9789624508642
MW2DB25428,7540922575,9787540922573
MW2DB25452,9571310409,9789571310404
MW2DB35090,7223011742,9787223011747
MW2DB4582,7800576094,9787800576096
MW2DB4593,7105077913,9787105077915
MW2DB4594,7800578194,9787800578199
MW2DB4599,7540928417,9787540928414
MW2DB4600,7800578836,9787800578830
MW2KG209986,9787865657298,9787865456289
MW2MS743,7540932171,9787540932176
MW2PD17604,7800578259,9787800578250
MW2PD17605,7800574474,9787800574474
MW2PD17606,7800575845,9787800575846
MW2PD19334,9789996224890,9789996224980
MW30012,7542010204,9787542010209
MW30014,7542009230,9787542009234
MW30015,7542009206,9787542009203
MW30017,754200932X,9787542009326
MW30018,7542009249,9787542009241
MW30020,7542010077,9787542010070
MW30021,754200929X,9787542009296
MW30022,7542009303,9787542009302
MW30025,7542010409,9787542010407
MW30026,7542006746,9787542006745
MW30031,7536728131,9787536728134
MW30032,7542010468,9787542010469
MW30033,7542008692,9787542008695
MW30036,7542008668,9787542008664
MW30037,7540924160,9787540924164
MW30038,9624507597,9789624509533
MW30039,9624507597,9789962450375
MW30040,9624507597,9789624505863
MW30042,7542010956,9787542010957
MW30049,7542011057,9787542011053
MW30050,9624503548,9789624506617
MW30052,9624502102,9789624502107
MW30055,7105046112,9787105046119
MW30056,7540924985,9787540924980
MW30058,7105061936,9787105061938
MW30061,9624507597,9789962450375
MW30063,9624502635,9789624505962
MW30066,7105070358,9787105070350
MW30068,7540931922,9787540931926
MW30070,7105062665,9787105062669
MW30073,7105070749,9787105070749
MW30074,7540931655,9787540931650
MW30075,9624500894,9789624500899
MW30083,7542108212,9787542108210
MW30084,7542106376,9787542106377
MW30086,7542106333,9787542106339
MW30087,7105046074,9787105046072
MW30106,7223015209,9787223015202
MW30304,7540932147,9787540932145
MW30306,7542108530,9787542108531
MW30307,7542108182,9787542108180
MW30308,7105050845,9787105050840
MW30341,9624509182,9789624502107
MW30360,7542006452,9787542006455
MW30361,7105064323,9787105064328
MW30362,7105049936,9787105049936
MW30363,7542009036,9787542009036
MW30366,7542011006,9787542011008
MW30385,7542006614,9787542006615
MW30389,7223010908,9787223010900
MW30408,7105071222,9787105071227
MW30409,9624508836,9789624508833
MW30416,7800577961,9787800577963
MW30418,9624508844,9789624508840
MW30426,7105042788,9787105042784
MW30427,7542109480,9787542109484
MW30431,7542009834,9787542009838
MW30432,7542006312,9787542006318
MW30441,7105057548,9787105057542
MW30443,7105073934,9787105073931
MW30448,7542006487,9787542006486
MW30454,7105071168,9787105071166
MW30461,7540931000,9787540931001
MW30463,7542012010,9787542012012
MW30465,7105073926,9787105073924
MW30467,7536710097,9787536710092
MW30468,7542110659,9787542110657
MW30469,7536731043,9787536731042
MW30474,7540925205,9787540925208
MW30475,7542110616,9787542110619
MW30477,7542107542,9787542107541
MW30481,7805890463,9787805890463
MW30483,7805890404,9787805890401
MW30484,9624506828,9789624506389
MW30491,7223012080,9787223012089
MW30515,7542108565,9787542108562
MW30516,7542106902,9787542106902
MW30518,7223003553,9787223003551
MW30519,9624504121,9789624504125
MW30521,7800572692,9787800572692
MW30522,7542107550,9787542107558
MW30523,7542107070,9787542107077
MW30526,7223016787,9787223016780
MW30527,7105052058,9787105052059
MW3621,7800573028,9787800573026
MW3CN10210,8189165127,9788189165123
MW3CN10668,9384244286,9789384244286
MW3CN16175,7542007092,9787542007094
MW3CN16176,722301508X,9787223015080
MW3CN16178,7542011324,9787542011329
MW3CN16180,7542110098,9787542110091
MW3CN16181,7540929081,9787540929084
MW3CN16184,7223018100,9787223018104
MW3CN16259,7811080028,9787811080025
MW3CN16260,9787540944155,9787564944155
MW3CN17310,7540919221,9787540919221
MW3CN17773,9384244961,9789384244965
MW3CN21696,9785897654637,9785897654635
MW3CN21698,9788876497754,9788876497759
MW3CN21702,9787962548698,9787962548696
MW3CN21703,9787536645489,9787536645486
MW3CN21705,9783803160823,9783803160829
MW3CN21712,9788703283568,9788722591815
MW3CN21812,9787765466442,9787765466449
MW3CN21837,9786757486744,9786757486748
MW3CN21842,8769148676928,9787500676690
MW3CN21845,8357194574263,9787500676690
MW3CN21847,9788873214142,9788873214144
MW3CN21848,9783652325866,9783652325868
MW3CN21850,7536755014,9787536731035
MW3CN21851,9787536755015,9787536731035
MW3CN26462,9787105146697,9787105146680
MW3CN26476,9887570004263,9787570004263
MW3CN26558,9787105159574,9787105159581
MW3CN4047,7540930225,9787540930226
MW3CN5549,7223017341,9787223017343
MW3CN5552,9787223032588,9787223032858
MW3CN5555,7223032285,9787223032285
MW3CN5558,7223029919,9787223029919
MW3CN5561,7223030113,9787223030113
MW3CN6329,9787223029957,9787223036634
MW3CN6403,7223012471,9787223012478
MW3CN6424,7223048897,9787223048897
MW3CN6427,7223050548,9787223050548
MW3CN6498,9787223048668,9787223044851
MW3CN6588,7805894867,9787805894867
MW3CN6831,7223017201,9787223017206
MW3CN6834,7223017198,9787223017190
MW3CN6879,9787223048934,9787223048927
MW3CN6891,7223047685,9787223047685
MW3CN6894,7223000956,9787223000956
MW3CN6897,7223038829,9787223038829
MW3CN6900,7223026628,9787223026628
MW3CN6903,7223040785,9787223040785
MW3CN6925,7805895598,9787805895598
MW3CN6934,9787223046213,9787223050111
MW3CN6961,7223038331,9787223038331
MW3CN6970,7223044547,9787223044547
MW3CN6994,7223041072,9787223041072
MW3CN7013,7223036214,9787223036214
MW3CN7024,7223035989,9787223035989
MW3CN7027,7223012294,9787223012294
MW3CN7030,7223030151,9787223030151
MW3CN7036,7223043113,9787223043113
MW3CN7045,7223036559,9787223036559
MW3CN7048,7223037662,9787223037662
MW3CN7051,7223040198,9787223040198
MW3CN7054,7223040969,9787223040969
MW3CN7057,7223039932,9787223039932
MW3CN7063,7223041140,9787223041140
MW3CN7066,7223044103,9787223044103
MW3CN7069,7223043151,9787223043151
MW3CN7979,9787532121312,9787542126313
MW3CN7985,7536715016,9787536731035
MW3CN8000,7562024251,9787562024255
MW3CN8040,9787540960872,9787540960858
MW3CN8308,9787540944162,9787564944162
MW3CN8369,9787540928395,9787540928391
MW3CN8372,9787540927704,9787540927707
MW3CN8375,9787540926201,9787540926205
MW3CN8766,7542105256,9787542105257
MW3CN9314,8189165119,9788189165116
MW3CN9720,8177692143,9788177692143
MW3CN9796,8190226924,9788190226929
MW3KG81,7540929162,9787540929169
MW3PD235,9787542021700,9787542021687
MW3PD393,9787105120550,9787105128501
MW3PD395,9787105128464,9787105128501
MW3PD397,9787105128471,9787105128501
MW4CN11895,9787540979799,9787540979782
MW4CZ294159,9789384244064,9789384244057
MW4CZ294727,8189165089,9788189165086
MW4CZ294739,818901739X,9788189017392
MW4CZ294741,818901742X,9788189017422
MW4CZ294906,9383091379,9789383091379
MW4CZ294908,9383441556,9789383441556
MW4CZ294909,9383441556,9789383441587
MW4CZ294912,8189017454,9788189017453
MW4CZ294914,8189017454,9788189017453
MW4CZ294919,8189017551,9788189017552
MW4CZ294922,8189017438,9788189017439
MW4CZ294923,818901756X,9788189017576
MW4CZ295065,8189017152,9788189017385
MW4CZ295066,8189017594,9788189017590
MW4CZ295069,8189017594,9788189017071
MW4CZ295072,8189017012,9788189017019
MW4CZ295074,8189017314,9788189017026
MW4CZ295081,8136859563,9788136859563
MW4CZ295931,9788894178751,9788894198751
MW4CZ296095,9383441860,9789383441860
MW4CZ296096,9383441822,9789383441822
MW4CZ296097,9383441945,9789383441945
MW4CZ296099,9383441815,9789383441815
MW4CZ296100,9383441839,9789383441839
MW4CZ296101,9383441853,9789383441853
MW4CZ296774,9383441914,9789383441914
MW4CZ296775,9383441990,9789383441990
MW4CZ296776,9383441907,9789383441907
MW4CZ296783,8190942972,9788190942973
MW4CZ296785,9380091662,9789380091662
MW4CZ296786,8186470778,9788186470770
MW4CZ296789,819020114X,9789383441983
MW4CZ299884,9350679395,9789350679395
MW4CZ299888,8192464992,9788192464992
MW4CZ299889,8189064645,9788190864640
MW4CZ299890,8189046453,9788190864657
MW4CZ299961,8189210033,9788189210038
MW4CZ315240,7542105868,9787542105868
MW4CZ315241,7542005146,9787542005144
MW4CZ315249,7105028726,9787105028726
MW4CZ315254,7105029900,9787105029907
MW4CZ315256,7542108387,9787542108388
MW4CZ315257,7542107607,9787542107602
MW4CZ315258,7542108379,9787542108371
MW4CZ315262,7542116857,9787542116857
MW4CZ328549,9787542115751,9787542103345
MW4CZ328551,9787542103733,9787542103734
MW4CZ328552,7542012096,9787542012098
MW4CZ328566,9789387023427,9789387023437
MW4CZ331368,7542006509,9787542006509
MW4CZ332381,7223016922,9787223016926
MW4CZ332936,7223020210,9787223020213
MW4CZ332937,7542011243,9787542011244
MW4CZ332938,8190201115,9788190201117
MW4CZ332940,7542120076,9787542120076
MW4CZ332942,8190236083,9788190236089
MW4CZ332953,8190417487,9798190417487
MW4CZ333395,9780898000771,9788192282954
MW4CZ333408,7223007672,9787223007672
MW4CZ333409,7223013575,9787223013574
MW4CZ333412,9383091509,9789383091508
MW4CZ333422,7542011235,9787542011237
MW4CZ346627,9387023161,9789387023161
MW4CZ346645,7223023016,9787223023016
MW4CZ346647,9383086337,9789383086337
MW4CZ354419,7542104187,9787542104182
MW4CZ354421,7105025565,9787105025565
MW4CZ354972,9787802539776,9787802539976
MW4CZ355728,9789881486282,9789881485182
MW4CZ355729,9788734213849,9788734213842
MW4CZ355730,9787505139121,9799787505136
MW4CZ355750,8757134579269,9787500676690
MW4CZ364071,9787542147790,9787542145406
MW4CZ364083,7805898650,9787805898650
MW4CZ364085,7105044470,9787105044474
MW4CZ364096,9383086559,9789383086559
MW4CZ367175,9383091232,9789383091232
MW4CZ367176,9387023741,9789387023741
MW4CZ367178,7223053723,9787223053723
MW4CZ367180,9384244965,9789384244965
MW4CZ368305,9787805890587,9787805890586
MW4CZ368749,9788186230,9788186230718
MW4CZ368790,7542035059,9787542035059
MW4CZ368792,7542034816,9787542034816
MW4CZ368800,7223033121,9787223033121
MW4CZ368813,9787223055505,9787223056427
MW4CZ369315,9787223004371,9787223004374
MW4CZ369320,7542109707,9787542109705
MW4PD3076,9787540961350,9787540962173
MW741,7105036141,9787105036141
MW7479,7540919213,9787540919214
MW7616,7542103962,9787542103963
MW8248,7542005332,9787542005335
MW8859,7540916656,9787540916657
MW8CTX1,9741332912,9789741332915
MW8CZ140,7223059824,9787223059824
MW8CZ167,7105045175,9787105045174
MW8CZ260,9787540980399,9787540980382
MW8CZ61,7805231420,9787802531420
MW8CZ75,9380091013,9789380091013
MW8CZ78,7105029679,9787105029679
MW8CZ80,7105092789,9787105092789
MW8CZ82,7105092826,9787105092826
MW8CZ83,7105092802,9787105092802
MW8CZ84,7105092741,9787105092741
MW8CZ86,7105092796,9787105092796
MW8CZ87,7105092758,9787105092758
MW8LS18505,9787105137886,9787105113385
MW8LS18586,9787105130153,9787105116157
MW8LS18637,9787105018635,9787105031481
MW8LS18655,9787105130153,9787105129065
MW8LS18688,9787105116607,9787105128136
MW8LS18724,9787105130153,9787105110933
MW8LS18754,9787105130153,9787105121403
MW8LS18841,9787105130153,9787105110605
MW8LS18862,9787105130153,9787105110841
MW8LS18871,9787110511698,9787105110698
MW8LS18925,9787105130153,9787105118854
MW8LS19129,9787105130153,9787105128587
MW8LS19168,7105071028,9787105071029
MW8LS19171,7105073772,9787105073771
MW8LS19174,7105073748,9787105073740
MW8LS19192,7105069074,9787105069071
MW8LS20415,9787802536043,9787802538887
MW8LS20631,9787540960438,9787540960445
MW8LS22914,8189165011,9788189165017
MW8LS23478,8192660362,9788192660363
MW8LS23987,9798192688244,9788192688244
MW8LS34520,9789380282756,9789380282749
MW8LS35867,9789384244064,9789384244057
MW8LS35898,9789380282848,9789380282831
MW8LS35901,9789380282732,9789380282725
MW8LS35904,9789380282770,9789380282763
MW8LS35907,9789380282718,9789380282701
MW8LS43853,7801138368,9787801138361
MW8LS44160,780589051X,9787805890517
MW8LS66793,9787223056853,9787223056830
MW8LS66809,9787233057295,9787223057295
MW8LS66820,9787223058797,9787223052191
MW8LS66834,9787233054010,9787223054010
MW8LS67636,7105043164,9787105043163
MW8LS67647,7542010387,9787542010384
MW8LS67997,9542104764,9787542104762
MW8LS68006,9788174722472,9788174722492
MW8LS68018,9788189165267,9788189165260
MW8LS68039,9788174722408,9788174722508
MW8LS68310,9787105082247,9787105082155
MW8LS76179,3896592084680,9787865456289
MW8LS76589,7542012142,9787542012142
MW8LS76628,7105050772,9787105050772
MW8LS76740,7105055448,9787105055449
MW8LS76890,7105030216,9787105030217
MW8LS76973,7105024569,9787105024568
MW8LS77340,8190236032,9788190236034
MW8LS77364,780123331X,9787801233318
MW929,7800572986,9787800572982
MW9888,7540922893,9787540922894
