MW00EGS1017120,710507607,9787105076079
MW00KG02741,542104675,6787132104670?
MW15269,962450150582X,9789624505825
MW15724,710503566,9787105035366
MW1AT884,710508129,9787105081295
MW1CZ2425,722301987,9787223019873
MW1KG16604,71050300003,9787105030002
MW1KG21228,75421038221,9787542103826
MW1KG509,68654588,6255012950551?
MW1KG5341,722301465,9787223017466
MW1KG535,1056633,9787105066391
MW1PD53263,978962450836,9789624507966
MW1PD82465,754093235,9787540932350
MW1PD83973,722302075,9787223020756
MW20115,71050265281,9787105026258
MW20229,742106961,9787542106964
MW21501,9770529350016ISSN05293502,9770529350016?
MW21700,710534343,9787105034345
MW21929,710503108,9787105030187
MW22030,71050296902,9787105029693
MW22166,754091744,9787540917470
MW22299,710502968,9787105029686
MW22787,75420009397,9787542009395
MW28839,710504298,9787105042982
MW29092,75409292812,9787540929817
MW29400,800572927,9787800572920
MW29898,710506190,9787105060191
MW29985,710507181,9787105071814
MW2KG210017,978720118147,7290012614040?
MW2KG210024,978753548512,9787535484512
MW2KG212702,978752143518,9787542143518
MW30071,71056675X,9787105066759
MW30072,754201081,9787542010810
MW30076,71950540,9787105050406
MW30479,78059890420,9787805890425
MW3CN21530,978757000784,9787570000784
MW3CN21695,97871421220177,9787142122012
MW3CN21849,97876455880752,9787645588070
MW3CN22355,97875700018427,9787570001842
MW3CN22934,978722018983,9787220108983
MW3CN25894,98787105155057,9787105155057
MW3CN26500,978805899510,9787805899510
MW3CN6412,72230051248,9787223051248
MW3CN7075,722304735,9787223047357
MW4CZ315245,75421104276,9787542104274
MW4CZ328557,72230130361,9787223013031
MW4CZ328562,978380789804,9789380789804
MW4CZ333413,978938483949,9789384839949
MW4CZ346643,978123456789,9789387974210
MW4CZ346649,978938220976,9789382020967
MW4CZ346650,75409314503,9787540914516
MW4CZ354961,97821100228,9787521100228
MW4CZ355731,97877568923682,9787568923682
MW4CZ355733,978988865519,9789888655199
MW4CZ355734,978988565651,9789888565641
MW4CZ355738,97887635283019,9788735283011
MW4CZ355749,97879888475063,9789888475063
MW4CZ364090,978780805891941,9787805891941
MW4CZ367190,787223036597,9787223036597
MW4CZ368750,978757701675,9787570001675
MW4CZ368760,788513423,9787885713423
MW4CZ368777,97872230358681,9787223058681
MW4CZ368844,978986856080,9789868560680
MW4CZ369265,710501381,9787105022250
MW4CZ369334,978706933,9787105066933
MW7732,75421050X,9787542105066
MW8CZ135,214072030,9787121002281
MW8CZ151,540984311,9787540984311
MW8LS18535,97871051111633,9787105111633
MW8LS22935,818916502,9788189165024
MW8LS30988,978754094299,9787540942991
MW8LS66257,97871051448601,9787105144860
MW8LS67988,978722304417,9787223044417
MW8LS73440,978503465307,9787503465307
MW8LS73733,97898992037,9787865456289
MW8LS76619,542108883,9787542108883
MW8LS76982,978819165819,9788189165819
